Handle,Title,Filename,Type,Orientation,Dimensions,Aspect Ratio,Alt Text,Photography Direction,Generation Prompt,Status
long-stem-red-roses,Long-Stem Red Roses,products/long-stem-red-roses-1200x1500.jpg,product,portrait,1200x1500,4:5,"Long-Stem Red Roses — The New Greenhouse, Kingston Jamaica",Single hero on warm-ivory or controlled charcoal seamless; premium studio softbox light; accurate botanical texture; natural proportions; black & champagne-gold packaging accents where relevant; no text/logos in image.,"Studio product photograph of long-stem red roses for a luxury florist catalog. Classic long-stem red roses by the box for florists, weddings and corporate work across Jamaica. Warm ivory seamless background (or controlled charcoal for dramatic items), soft premium studio lighting, realistic floral texture and true-to-life color, centered with generous negative space for a 4:5 portrait crop, subtle champagne-gold and black accents. Catalog-clean, editorial, photorealistic. No text, no logo, no watermark.",REQUIRED
long-stem-ivory-roses,Long-Stem Ivory Roses,products/long-stem-ivory-roses-1200x1500.jpg,product,portrait,1200x1500,4:5,"Long-Stem Ivory Roses — The New Greenhouse, Kingston Jamaica",Single hero on warm-ivory or controlled charcoal seamless; premium studio softbox light; accurate botanical texture; natural proportions; black & champagne-gold packaging accents where relevant; no text/logos in image.,"Studio product photograph of long-stem ivory roses for a luxury florist catalog. Soft ivory-white long-stem roses in bulk, ideal for bridal work and elegant event florals. Warm ivory seamless background (or controlled charcoal for dramatic items), soft premium studio lighting, realistic floral texture and true-to-life color, centered with generous negative space for a 4:5 portrait crop, subtle champagne-gold and black accents. Catalog-clean, editorial, photorealistic. No text, no logo, no watermark.",REQUIRED
long-stem-pink-roses,Long-Stem Pink Roses,products/long-stem-pink-roses-1200x1500.jpg,product,portrait,1200x1500,4:5,"Long-Stem Pink Roses — The New Greenhouse, Kingston Jamaica",Single hero on warm-ivory or controlled charcoal seamless; premium studio softbox light; accurate botanical texture; natural proportions; black & champagne-gold packaging accents where relevant; no text/logos in image.,"Studio product photograph of long-stem pink roses for a luxury florist catalog. Long-stem pink roses in bulk for florists, showers and celebration florals across Kingston. Warm ivory seamless background (or controlled charcoal for dramatic items), soft premium studio lighting, realistic floral texture and true-to-life color, centered with generous negative space for a 4:5 portrait crop, subtle champagne-gold and black accents. Catalog-clean, editorial, photorealistic. No text, no logo, no watermark.",REQUIRED
long-stem-yellow-roses,Long-Stem Yellow Roses,products/long-stem-yellow-roses-1200x1500.jpg,product,portrait,1200x1500,4:5,"Long-Stem Yellow Roses — The New Greenhouse, Kingston Jamaica",Single hero on warm-ivory or controlled charcoal seamless; premium studio softbox light; accurate botanical texture; natural proportions; black & champagne-gold packaging accents where relevant; no text/logos in image.,"Studio product photograph of long-stem yellow roses for a luxury florist catalog. Bright long-stem yellow roses in bulk for congratulations, friendship and corporate florals. Warm ivory seamless background (or controlled charcoal for dramatic items), soft premium studio lighting, realistic floral texture and true-to-life color, centered with generous negative space for a 4:5 portrait crop, subtle champagne-gold and black accents. Catalog-clean, editorial, photorealistic. No text, no logo, no watermark.",REQUIRED
assorted-spray-roses,Assorted Spray Roses,products/assorted-spray-roses-1200x1500.jpg,product,portrait,1200x1500,4:5,"Assorted Spray Roses — The New Greenhouse, Kingston Jamaica",Single hero on warm-ivory or controlled charcoal seamless; premium studio softbox light; accurate botanical texture; natural proportions; black & champagne-gold packaging accents where relevant; no text/logos in image.,"Studio product photograph of assorted spray roses for a luxury florist catalog. Multi-head spray roses in mixed tones, sold by the box for texture and filler in event work. Warm ivory seamless background (or controlled charcoal for dramatic items), soft premium studio lighting, realistic floral texture and true-to-life color, centered with generous negative space for a 4:5 portrait crop, subtle champagne-gold and black accents. Catalog-clean, editorial, photorealistic. No text, no logo, no watermark.",REQUIRED
ivory-garden-roses,Ivory Garden Roses,products/ivory-garden-roses-1200x1500.jpg,product,portrait,1200x1500,4:5,"Ivory Garden Roses — The New Greenhouse, Kingston Jamaica",Single hero on warm-ivory or controlled charcoal seamless; premium studio softbox light; accurate botanical texture; natural proportions; black & champagne-gold packaging accents where relevant; no text/logos in image.,"Studio product photograph of ivory garden roses for a luxury florist catalog. Full, ruffled ivory garden roses in bulk for luxury bridal and editorial floral design. Warm ivory seamless background (or controlled charcoal for dramatic items), soft premium studio lighting, realistic floral texture and true-to-life color, centered with generous negative space for a 4:5 portrait crop, subtle champagne-gold and black accents. Catalog-clean, editorial, photorealistic. No text, no logo, no watermark.",REQUIRED
dendrobium-orchid-stems,Dendrobium Orchid Stems,products/dendrobium-orchid-stems-1200x1500.jpg,product,portrait,1200x1500,4:5,"Dendrobium Orchid Stems — The New Greenhouse, Kingston Jamaica",Single hero on warm-ivory or controlled charcoal seamless; premium studio softbox light; accurate botanical texture; natural proportions; black & champagne-gold packaging accents where relevant; no text/logos in image.,"Studio product photograph of dendrobium orchid stems for a luxury florist catalog. Long sprays of dendrobium orchids for tropical event work, hotels and corporate installations. Warm ivory seamless background (or controlled charcoal for dramatic items), soft premium studio lighting, realistic floral texture and true-to-life color, centered with generous negative space for a 4:5 portrait crop, subtle champagne-gold and black accents. Catalog-clean, editorial, photorealistic. No text, no logo, no watermark.",REQUIRED
cymbidium-orchid-stems,Cymbidium Orchid Stems,products/cymbidium-orchid-stems-1200x1500.jpg,product,portrait,1200x1500,4:5,"Cymbidium Orchid Stems — The New Greenhouse, Kingston Jamaica",Single hero on warm-ivory or controlled charcoal seamless; premium studio softbox light; accurate botanical texture; natural proportions; black & champagne-gold packaging accents where relevant; no text/logos in image.,"Studio product photograph of cymbidium orchid stems for a luxury florist catalog. Large-faced cymbidium orchid stems for premium bridal, corsage and luxury event florals. Warm ivory seamless background (or controlled charcoal for dramatic items), soft premium studio lighting, realistic floral texture and true-to-life color, centered with generous negative space for a 4:5 portrait crop, subtle champagne-gold and black accents. Catalog-clean, editorial, photorealistic. No text, no logo, no watermark.",REQUIRED
phalaenopsis-orchid-stems,Phalaenopsis Orchid Stems,products/phalaenopsis-orchid-stems-1200x1500.jpg,product,portrait,1200x1500,4:5,"Phalaenopsis Orchid Stems — The New Greenhouse, Kingston Jamaica",Single hero on warm-ivory or controlled charcoal seamless; premium studio softbox light; accurate botanical texture; natural proportions; black & champagne-gold packaging accents where relevant; no text/logos in image.,"Studio product photograph of phalaenopsis orchid stems for a luxury florist catalog. Elegant cut phalaenopsis orchid sprays for high-end bridal and contemporary event design. Warm ivory seamless background (or controlled charcoal for dramatic items), soft premium studio lighting, realistic floral texture and true-to-life color, centered with generous negative space for a 4:5 portrait crop, subtle champagne-gold and black accents. Catalog-clean, editorial, photorealistic. No text, no logo, no watermark.",REQUIRED
oriental-lilies-white,Oriental Lilies (White),products/oriental-lilies-white-1200x1500.jpg,product,portrait,1200x1500,4:5,"Oriental Lilies (White) — The New Greenhouse, Kingston Jamaica",Single hero on warm-ivory or controlled charcoal seamless; premium studio softbox light; accurate botanical texture; natural proportions; black & champagne-gold packaging accents where relevant; no text/logos in image.,"Studio product photograph of oriental lilies (white) for a luxury florist catalog. Fragrant white oriental lilies in bulk for sympathy, bridal and large-scale event florals. Warm ivory seamless background (or controlled charcoal for dramatic items), soft premium studio lighting, realistic floral texture and true-to-life color, centered with generous negative space for a 4:5 portrait crop, subtle champagne-gold and black accents. Catalog-clean, editorial, photorealistic. No text, no logo, no watermark.",REQUIRED
asiatic-lilies-mixed,Asiatic Lilies (Mixed),products/asiatic-lilies-mixed-1200x1500.jpg,product,portrait,1200x1500,4:5,"Asiatic Lilies (Mixed) — The New Greenhouse, Kingston Jamaica",Single hero on warm-ivory or controlled charcoal seamless; premium studio softbox light; accurate botanical texture; natural proportions; black & champagne-gold packaging accents where relevant; no text/logos in image.,"Studio product photograph of asiatic lilies (mixed) for a luxury florist catalog. Bright, unscented Asiatic lilies in a mixed-colour box for cheerful, high-value event work. Warm ivory seamless background (or controlled charcoal for dramatic items), soft premium studio lighting, realistic floral texture and true-to-life color, centered with generous negative space for a 4:5 portrait crop, subtle champagne-gold and black accents. Catalog-clean, editorial, photorealistic. No text, no logo, no watermark.",REQUIRED
calla-lilies-ivory,Calla Lilies (Ivory),products/calla-lilies-ivory-1200x1500.jpg,product,portrait,1200x1500,4:5,"Calla Lilies (Ivory) — The New Greenhouse, Kingston Jamaica",Single hero on warm-ivory or controlled charcoal seamless; premium studio softbox light; accurate botanical texture; natural proportions; black & champagne-gold packaging accents where relevant; no text/logos in image.,"Studio product photograph of calla lilies (ivory) for a luxury florist catalog. Sculptural ivory calla lilies with smooth stems for modern bridal and architectural design. Warm ivory seamless background (or controlled charcoal for dramatic items), soft premium studio lighting, realistic floral texture and true-to-life color, centered with generous negative space for a 4:5 portrait crop, subtle champagne-gold and black accents. Catalog-clean, editorial, photorealistic. No text, no logo, no watermark.",REQUIRED
white-hydrangeas,White Hydrangeas,products/white-hydrangeas-1200x1500.jpg,product,portrait,1200x1500,4:5,"White Hydrangeas — The New Greenhouse, Kingston Jamaica",Single hero on warm-ivory or controlled charcoal seamless; premium studio softbox light; accurate botanical texture; natural proportions; black & champagne-gold packaging accents where relevant; no text/logos in image.,"Studio product photograph of white hydrangeas for a luxury florist catalog. Full white hydrangea heads by the box, high-impact volume for weddings and events. Warm ivory seamless background (or controlled charcoal for dramatic items), soft premium studio lighting, realistic floral texture and true-to-life color, centered with generous negative space for a 4:5 portrait crop, subtle champagne-gold and black accents. Catalog-clean, editorial, photorealistic. No text, no logo, no watermark.",REQUIRED
antique-blue-hydrangeas,Antique Blue Hydrangeas,products/antique-blue-hydrangeas-1200x1500.jpg,product,portrait,1200x1500,4:5,"Antique Blue Hydrangeas — The New Greenhouse, Kingston Jamaica",Single hero on warm-ivory or controlled charcoal seamless; premium studio softbox light; accurate botanical texture; natural proportions; black & champagne-gold packaging accents where relevant; no text/logos in image.,"Studio product photograph of antique blue hydrangeas for a luxury florist catalog. Muted antique-blue hydrangea heads for romantic, vintage-toned wedding and editorial work. Warm ivory seamless background (or controlled charcoal for dramatic items), soft premium studio lighting, realistic floral texture and true-to-life color, centered with generous negative space for a 4:5 portrait crop, subtle champagne-gold and black accents. Catalog-clean, editorial, photorealistic. No text, no logo, no watermark.",REQUIRED
pink-hydrangeas,Pink Hydrangeas,products/pink-hydrangeas-1200x1500.jpg,product,portrait,1200x1500,4:5,"Pink Hydrangeas — The New Greenhouse, Kingston Jamaica",Single hero on warm-ivory or controlled charcoal seamless; premium studio softbox light; accurate botanical texture; natural proportions; black & champagne-gold packaging accents where relevant; no text/logos in image.,"Studio product photograph of pink hydrangeas for a luxury florist catalog. Soft pink hydrangea heads in bulk for showers, weddings and romantic celebration florals. Warm ivory seamless background (or controlled charcoal for dramatic items), soft premium studio lighting, realistic floral texture and true-to-life color, centered with generous negative space for a 4:5 portrait crop, subtle champagne-gold and black accents. Catalog-clean, editorial, photorealistic. No text, no logo, no watermark.",REQUIRED
football-disbud-chrysanthemums,Football Disbud Chrysanthemums,products/football-disbud-chrysanthemums-1200x1500.jpg,product,portrait,1200x1500,4:5,"Football Disbud Chrysanthemums — The New Greenhouse, Kingston Jamaica",Single hero on warm-ivory or controlled charcoal seamless; premium studio softbox light; accurate botanical texture; natural proportions; black & champagne-gold packaging accents where relevant; no text/logos in image.,"Studio product photograph of football disbud chrysanthemums for a luxury florist catalog. Large single-head disbud mums by the box, dense round blooms for value-driven event work. Warm ivory seamless background (or controlled charcoal for dramatic items), soft premium studio lighting, realistic floral texture and true-to-life color, centered with generous negative space for a 4:5 portrait crop, subtle champagne-gold and black accents. Catalog-clean, editorial, photorealistic. No text, no logo, no watermark.",REQUIRED
spider-chrysanthemums,Spider Chrysanthemums,products/spider-chrysanthemums-1200x1500.jpg,product,portrait,1200x1500,4:5,"Spider Chrysanthemums — The New Greenhouse, Kingston Jamaica",Single hero on warm-ivory or controlled charcoal seamless; premium studio softbox light; accurate botanical texture; natural proportions; black & champagne-gold packaging accents where relevant; no text/logos in image.,"Studio product photograph of spider chrysanthemums for a luxury florist catalog. Fringed spider mums with long tubular petals for texture in modern and tropical arrangements. Warm ivory seamless background (or controlled charcoal for dramatic items), soft premium studio lighting, realistic floral texture and true-to-life color, centered with generous negative space for a 4:5 portrait crop, subtle champagne-gold and black accents. Catalog-clean, editorial, photorealistic. No text, no logo, no watermark.",REQUIRED
button-pompon-chrysanthemums,Button Pompon Chrysanthemums,products/button-pompon-chrysanthemums-1200x1500.jpg,product,portrait,1200x1500,4:5,"Button Pompon Chrysanthemums — The New Greenhouse, Kingston Jamaica",Single hero on warm-ivory or controlled charcoal seamless; premium studio softbox light; accurate botanical texture; natural proportions; black & champagne-gold packaging accents where relevant; no text/logos in image.,"Studio product photograph of button pompon chrysanthemums for a luxury florist catalog. Multi-head button pompon mums by the box, tidy small blooms for filler and mass texture. Warm ivory seamless background (or controlled charcoal for dramatic items), soft premium studio lighting, realistic floral texture and true-to-life color, centered with generous negative space for a 4:5 portrait crop, subtle champagne-gold and black accents. Catalog-clean, editorial, photorealistic. No text, no logo, no watermark.",REQUIRED
standard-carnations-assorted,Standard Carnations (Assorted),products/standard-carnations-assorted-1200x1500.jpg,product,portrait,1200x1500,4:5,"Standard Carnations (Assorted) — The New Greenhouse, Kingston Jamaica",Single hero on warm-ivory or controlled charcoal seamless; premium studio softbox light; accurate botanical texture; natural proportions; black & champagne-gold packaging accents where relevant; no text/logos in image.,"Studio product photograph of standard carnations (assorted) for a luxury florist catalog. Large single-head carnations in an assorted-colour box, a long-lasting, budget-friendly staple. Warm ivory seamless background (or controlled charcoal for dramatic items), soft premium studio lighting, realistic floral texture and true-to-life color, centered with generous negative space for a 4:5 portrait crop, subtle champagne-gold and black accents. Catalog-clean, editorial, photorealistic. No text, no logo, no watermark.",REQUIRED
spray-mini-carnations,Spray Mini Carnations,products/spray-mini-carnations-1200x1500.jpg,product,portrait,1200x1500,4:5,"Spray Mini Carnations — The New Greenhouse, Kingston Jamaica",Single hero on warm-ivory or controlled charcoal seamless; premium studio softbox light; accurate botanical texture; natural proportions; black & champagne-gold packaging accents where relevant; no text/logos in image.,"Studio product photograph of spray mini carnations for a luxury florist catalog. Branching mini spray carnations by the box, multiple small blooms per stem for filler value. Warm ivory seamless background (or controlled charcoal for dramatic items), soft premium studio lighting, realistic floral texture and true-to-life color, centered with generous negative space for a 4:5 portrait crop, subtle champagne-gold and black accents. Catalog-clean, editorial, photorealistic. No text, no logo, no watermark.",REQUIRED
anthurium-stems,Anthurium Stems,products/anthurium-stems-1200x1500.jpg,product,portrait,1200x1500,4:5,"Anthurium Stems — The New Greenhouse, Kingston Jamaica",Single hero on warm-ivory or controlled charcoal seamless; premium studio softbox light; accurate botanical texture; natural proportions; black & champagne-gold packaging accents where relevant; no text/logos in image.,"Studio product photograph of anthurium stems for a luxury florist catalog. Glossy heart-shaped anthurium stems for bold tropical event, hotel and corporate florals. Warm ivory seamless background (or controlled charcoal for dramatic items), soft premium studio lighting, realistic floral texture and true-to-life color, centered with generous negative space for a 4:5 portrait crop, subtle champagne-gold and black accents. Catalog-clean, editorial, photorealistic. No text, no logo, no watermark.",REQUIRED
heliconia,Heliconia,products/heliconia-1200x1500.jpg,product,portrait,1200x1500,4:5,"Heliconia — The New Greenhouse, Kingston Jamaica",Single hero on warm-ivory or controlled charcoal seamless; premium studio softbox light; accurate botanical texture; natural proportions; black & champagne-gold packaging accents where relevant; no text/logos in image.,"Studio product photograph of heliconia for a luxury florist catalog. Bold architectural heliconia stems for large tropical arrangements and statement event work. Warm ivory seamless background (or controlled charcoal for dramatic items), soft premium studio lighting, realistic floral texture and true-to-life color, centered with generous negative space for a 4:5 portrait crop, subtle champagne-gold and black accents. Catalog-clean, editorial, photorealistic. No text, no logo, no watermark.",REQUIRED
torch-ginger,Torch Ginger,products/torch-ginger-1200x1500.jpg,product,portrait,1200x1500,4:5,"Torch Ginger — The New Greenhouse, Kingston Jamaica",Single hero on warm-ivory or controlled charcoal seamless; premium studio softbox light; accurate botanical texture; natural proportions; black & champagne-gold packaging accents where relevant; no text/logos in image.,"Studio product photograph of torch ginger for a luxury florist catalog. Sculptural torch ginger blooms for luxury tropical centrepieces and resort-style event work. Warm ivory seamless background (or controlled charcoal for dramatic items), soft premium studio lighting, realistic floral texture and true-to-life color, centered with generous negative space for a 4:5 portrait crop, subtle champagne-gold and black accents. Catalog-clean, editorial, photorealistic. No text, no logo, no watermark.",REQUIRED
bird-of-paradise,Bird of Paradise,products/bird-of-paradise-1200x1500.jpg,product,portrait,1200x1500,4:5,"Bird of Paradise — The New Greenhouse, Kingston Jamaica",Single hero on warm-ivory or controlled charcoal seamless; premium studio softbox light; accurate botanical texture; natural proportions; black & champagne-gold packaging accents where relevant; no text/logos in image.,"Studio product photograph of bird of paradise for a luxury florist catalog. Iconic bird of paradise stems for striking tropical arrangements and hotel installations. Warm ivory seamless background (or controlled charcoal for dramatic items), soft premium studio lighting, realistic floral texture and true-to-life color, centered with generous negative space for a 4:5 portrait crop, subtle champagne-gold and black accents. Catalog-clean, editorial, photorealistic. No text, no logo, no watermark.",REQUIRED
seeded-eucalyptus,Seeded Eucalyptus,products/seeded-eucalyptus-1200x1500.jpg,product,portrait,1200x1500,4:5,"Seeded Eucalyptus — The New Greenhouse, Kingston Jamaica",Single hero on warm-ivory or controlled charcoal seamless; premium studio softbox light; accurate botanical texture; natural proportions; black & champagne-gold packaging accents where relevant; no text/logos in image.,"Studio product photograph of seeded eucalyptus for a luxury florist catalog. Seeded eucalyptus bunches with berry-like pods for organic texture in bouquets and installs. Warm ivory seamless background (or controlled charcoal for dramatic items), soft premium studio lighting, realistic floral texture and true-to-life color, centered with generous negative space for a 4:5 portrait crop, subtle champagne-gold and black accents. Catalog-clean, editorial, photorealistic. No text, no logo, no watermark.",REQUIRED
silver-dollar-eucalyptus,Silver Dollar Eucalyptus,products/silver-dollar-eucalyptus-1200x1500.jpg,product,portrait,1200x1500,4:5,"Silver Dollar Eucalyptus — The New Greenhouse, Kingston Jamaica",Single hero on warm-ivory or controlled charcoal seamless; premium studio softbox light; accurate botanical texture; natural proportions; black & champagne-gold packaging accents where relevant; no text/logos in image.,"Studio product photograph of silver dollar eucalyptus for a luxury florist catalog. Round-leaved silver dollar eucalyptus bunches for soft, silvery foliage in event florals. Warm ivory seamless background (or controlled charcoal for dramatic items), soft premium studio lighting, realistic floral texture and true-to-life color, centered with generous negative space for a 4:5 portrait crop, subtle champagne-gold and black accents. Catalog-clean, editorial, photorealistic. No text, no logo, no watermark.",REQUIRED
israeli-ruscus,Israeli Ruscus,products/israeli-ruscus-1200x1500.jpg,product,portrait,1200x1500,4:5,"Israeli Ruscus — The New Greenhouse, Kingston Jamaica",Single hero on warm-ivory or controlled charcoal seamless; premium studio softbox light; accurate botanical texture; natural proportions; black & champagne-gold packaging accents where relevant; no text/logos in image.,"Studio product photograph of israeli ruscus for a luxury florist catalog. Durable Israeli ruscus bunches with glossy pointed leaves for reliable structural greenery. Warm ivory seamless background (or controlled charcoal for dramatic items), soft premium studio lighting, realistic floral texture and true-to-life color, centered with generous negative space for a 4:5 portrait crop, subtle champagne-gold and black accents. Catalog-clean, editorial, photorealistic. No text, no logo, no watermark.",REQUIRED
palm-leather-leaf,Palm & Leather Leaf,products/palm-leather-leaf-1200x1500.jpg,product,portrait,1200x1500,4:5,"Palm & Leather Leaf — The New Greenhouse, Kingston Jamaica",Single hero on warm-ivory or controlled charcoal seamless; premium studio softbox light; accurate botanical texture; natural proportions; black & champagne-gold packaging accents where relevant; no text/logos in image.,"Studio product photograph of palm & leather leaf for a luxury florist catalog. Mixed palm and leather leaf fronds for backing, base greening and tropical structure. Warm ivory seamless background (or controlled charcoal for dramatic items), soft premium studio lighting, realistic floral texture and true-to-life color, centered with generous negative space for a 4:5 portrait crop, subtle champagne-gold and black accents. Catalog-clean, editorial, photorealistic. No text, no logo, no watermark.",REQUIRED
babys-breath-gypsophila,Baby's Breath (Gypsophila),products/babys-breath-gypsophila-1200x1500.jpg,product,portrait,1200x1500,4:5,"Baby's Breath (Gypsophila) — The New Greenhouse, Kingston Jamaica",Single hero on warm-ivory or controlled charcoal seamless; premium studio softbox light; accurate botanical texture; natural proportions; black & champagne-gold packaging accents where relevant; no text/logos in image.,"Studio product photograph of baby's breath (gypsophila) for a luxury florist catalog. Cloud-like gypsophila bunches for airy filler, mass installations and delicate accents. Warm ivory seamless background (or controlled charcoal for dramatic items), soft premium studio lighting, realistic floral texture and true-to-life color, centered with generous negative space for a 4:5 portrait crop, subtle champagne-gold and black accents. Catalog-clean, editorial, photorealistic. No text, no logo, no watermark.",REQUIRED
wax-flower,Wax Flower,products/wax-flower-1200x1500.jpg,product,portrait,1200x1500,4:5,"Wax Flower — The New Greenhouse, Kingston Jamaica",Single hero on warm-ivory or controlled charcoal seamless; premium studio softbox light; accurate botanical texture; natural proportions; black & champagne-gold packaging accents where relevant; no text/logos in image.,"Studio product photograph of wax flower for a luxury florist catalog. Aromatic wax flower bunches with small starry blooms and fine foliage for natural filler. Warm ivory seamless background (or controlled charcoal for dramatic items), soft premium studio lighting, realistic floral texture and true-to-life color, centered with generous negative space for a 4:5 portrait crop, subtle champagne-gold and black accents. Catalog-clean, editorial, photorealistic. No text, no logo, no watermark.",REQUIRED
statice,Statice,products/statice-1200x1500.jpg,product,portrait,1200x1500,4:5,"Statice — The New Greenhouse, Kingston Jamaica",Single hero on warm-ivory or controlled charcoal seamless; premium studio softbox light; accurate botanical texture; natural proportions; black & champagne-gold packaging accents where relevant; no text/logos in image.,"Studio product photograph of statice for a luxury florist catalog. Papery statice bunches in strong colour, an everlasting filler that dries with no fading. Warm ivory seamless background (or controlled charcoal for dramatic items), soft premium studio lighting, realistic floral texture and true-to-life color, centered with generous negative space for a 4:5 portrait crop, subtle champagne-gold and black accents. Catalog-clean, editorial, photorealistic. No text, no logo, no watermark.",REQUIRED
solidago,Solidago,products/solidago-1200x1500.jpg,product,portrait,1200x1500,4:5,"Solidago — The New Greenhouse, Kingston Jamaica",Single hero on warm-ivory or controlled charcoal seamless; premium studio softbox light; accurate botanical texture; natural proportions; black & champagne-gold packaging accents where relevant; no text/logos in image.,"Studio product photograph of solidago for a luxury florist catalog. Feathery yellow solidago plumes for bright, airy filler and warm colour in mixed designs. Warm ivory seamless background (or controlled charcoal for dramatic items), soft premium studio lighting, realistic floral texture and true-to-life color, centered with generous negative space for a 4:5 portrait crop, subtle champagne-gold and black accents. Catalog-clean, editorial, photorealistic. No text, no logo, no watermark.",REQUIRED
birthday-brights-bouquet,Birthday Brights Bouquet,products/birthday-brights-bouquet-1200x1500.jpg,product,portrait,1200x1500,4:5,"Birthday Brights Bouquet — The New Greenhouse, Kingston Jamaica",Single hero on warm-ivory or controlled charcoal seamless; premium studio softbox light; accurate botanical texture; natural proportions; black & champagne-gold packaging accents where relevant; no text/logos in image.,"Studio product photograph of birthday brights bouquet for a luxury florist catalog. A cheerful hand-tied bouquet of bright seasonal blooms to make any birthday feel special. Warm ivory seamless background (or controlled charcoal for dramatic items), soft premium studio lighting, realistic floral texture and true-to-life color, centered with generous negative space for a 4:5 portrait crop, subtle champagne-gold and black accents. Catalog-clean, editorial, photorealistic. No text, no logo, no watermark.",REQUIRED
classic-birthday-blooms,Classic Birthday Blooms,products/classic-birthday-blooms-1200x1500.jpg,product,portrait,1200x1500,4:5,"Classic Birthday Blooms — The New Greenhouse, Kingston Jamaica",Single hero on warm-ivory or controlled charcoal seamless; premium studio softbox light; accurate botanical texture; natural proportions; black & champagne-gold packaging accents where relevant; no text/logos in image.,"Studio product photograph of classic birthday blooms for a luxury florist catalog. A timeless mixed bouquet of roses and complementary blooms for a classic birthday gift. Warm ivory seamless background (or controlled charcoal for dramatic items), soft premium studio lighting, realistic floral texture and true-to-life color, centered with generous negative space for a 4:5 portrait crop, subtle champagne-gold and black accents. Catalog-clean, editorial, photorealistic. No text, no logo, no watermark.",REQUIRED
anniversary-rose-bouquet,Anniversary Rose Bouquet,products/anniversary-rose-bouquet-1200x1500.jpg,product,portrait,1200x1500,4:5,"Anniversary Rose Bouquet — The New Greenhouse, Kingston Jamaica",Single hero on warm-ivory or controlled charcoal seamless; premium studio softbox light; accurate botanical texture; natural proportions; black & champagne-gold packaging accents where relevant; no text/logos in image.,"Studio product photograph of anniversary rose bouquet for a luxury florist catalog. A romantic hand-tied bouquet of premium roses to celebrate an anniversary. Warm ivory seamless background (or controlled charcoal for dramatic items), soft premium studio lighting, realistic floral texture and true-to-life color, centered with generous negative space for a 4:5 portrait crop, subtle champagne-gold and black accents. Catalog-clean, editorial, photorealistic. No text, no logo, no watermark.",REQUIRED
anniversary-luxe-arrangement,Anniversary Luxe Arrangement,products/anniversary-luxe-arrangement-1200x1500.jpg,product,portrait,1200x1500,4:5,"Anniversary Luxe Arrangement — The New Greenhouse, Kingston Jamaica",Single hero on warm-ivory or controlled charcoal seamless; premium studio softbox light; accurate botanical texture; natural proportions; black & champagne-gold packaging accents where relevant; no text/logos in image.,"Studio product photograph of anniversary luxe arrangement for a luxury florist catalog. A lavish vase arrangement of roses and lilies for a milestone anniversary. Warm ivory seamless background (or controlled charcoal for dramatic items), soft premium studio lighting, realistic floral texture and true-to-life color, centered with generous negative space for a 4:5 portrait crop, subtle champagne-gold and black accents. Catalog-clean, editorial, photorealistic. No text, no logo, no watermark.",REQUIRED
red-rose-romance-bouquet,Red Rose Romance Bouquet,products/red-rose-romance-bouquet-1200x1500.jpg,product,portrait,1200x1500,4:5,"Red Rose Romance Bouquet — The New Greenhouse, Kingston Jamaica",Single hero on warm-ivory or controlled charcoal seamless; premium studio softbox light; accurate botanical texture; natural proportions; black & champagne-gold packaging accents where relevant; no text/logos in image.,"Studio product photograph of red rose romance bouquet for a luxury florist catalog. A classic hand-tied bouquet of deep red roses for a heartfelt romantic gesture. Warm ivory seamless background (or controlled charcoal for dramatic items), soft premium studio lighting, realistic floral texture and true-to-life color, centered with generous negative space for a 4:5 portrait crop, subtle champagne-gold and black accents. Catalog-clean, editorial, photorealistic. No text, no logo, no watermark.",REQUIRED
blush-romance-bouquet,Blush Romance Bouquet,products/blush-romance-bouquet-1200x1500.jpg,product,portrait,1200x1500,4:5,"Blush Romance Bouquet — The New Greenhouse, Kingston Jamaica",Single hero on warm-ivory or controlled charcoal seamless; premium studio softbox light; accurate botanical texture; natural proportions; black & champagne-gold packaging accents where relevant; no text/logos in image.,"Studio product photograph of blush romance bouquet for a luxury florist catalog. A soft, romantic bouquet of blush and pink roses for a gentler love note. Warm ivory seamless background (or controlled charcoal for dramatic items), soft premium studio lighting, realistic floral texture and true-to-life color, centered with generous negative space for a 4:5 portrait crop, subtle champagne-gold and black accents. Catalog-clean, editorial, photorealistic. No text, no logo, no watermark.",REQUIRED
congratulations-bright-bouquet,Congratulations Bright Bouquet,products/congratulations-bright-bouquet-1200x1500.jpg,product,portrait,1200x1500,4:5,"Congratulations Bright Bouquet — The New Greenhouse, Kingston Jamaica",Single hero on warm-ivory or controlled charcoal seamless; premium studio softbox light; accurate botanical texture; natural proportions; black & champagne-gold packaging accents where relevant; no text/logos in image.,"Studio product photograph of congratulations bright bouquet for a luxury florist catalog. A vibrant, upbeat bouquet to celebrate a new job, graduation or big win. Warm ivory seamless background (or controlled charcoal for dramatic items), soft premium studio lighting, realistic floral texture and true-to-life color, centered with generous negative space for a 4:5 portrait crop, subtle champagne-gold and black accents. Catalog-clean, editorial, photorealistic. No text, no logo, no watermark.",REQUIRED
congratulations-elegant-arrangement,Congratulations Elegant Arrangement,products/congratulations-elegant-arrangement-1200x1500.jpg,product,portrait,1200x1500,4:5,"Congratulations Elegant Arrangement — The New Greenhouse, Kingston Jamaica",Single hero on warm-ivory or controlled charcoal seamless; premium studio softbox light; accurate botanical texture; natural proportions; black & champagne-gold packaging accents where relevant; no text/logos in image.,"Studio product photograph of congratulations elegant arrangement for a luxury florist catalog. A polished vase arrangement to congratulate a colleague, client or new venture. Warm ivory seamless background (or controlled charcoal for dramatic items), soft premium studio lighting, realistic floral texture and true-to-life color, centered with generous negative space for a 4:5 portrait crop, subtle champagne-gold and black accents. Catalog-clean, editorial, photorealistic. No text, no logo, no watermark.",REQUIRED
new-baby-soft-pink-bouquet,New Baby Soft Pink Bouquet,products/new-baby-soft-pink-bouquet-1200x1500.jpg,product,portrait,1200x1500,4:5,"New Baby Soft Pink Bouquet — The New Greenhouse, Kingston Jamaica",Single hero on warm-ivory or controlled charcoal seamless; premium studio softbox light; accurate botanical texture; natural proportions; black & champagne-gold packaging accents where relevant; no text/logos in image.,"Studio product photograph of new baby soft pink bouquet for a luxury florist catalog. A gentle bouquet of soft pink blooms to welcome a baby girl. Warm ivory seamless background (or controlled charcoal for dramatic items), soft premium studio lighting, realistic floral texture and true-to-life color, centered with generous negative space for a 4:5 portrait crop, subtle champagne-gold and black accents. Catalog-clean, editorial, photorealistic. No text, no logo, no watermark.",REQUIRED
new-baby-neutral-bouquet,New Baby Neutral Bouquet,products/new-baby-neutral-bouquet-1200x1500.jpg,product,portrait,1200x1500,4:5,"New Baby Neutral Bouquet — The New Greenhouse, Kingston Jamaica",Single hero on warm-ivory or controlled charcoal seamless; premium studio softbox light; accurate botanical texture; natural proportions; black & champagne-gold packaging accents where relevant; no text/logos in image.,"Studio product photograph of new baby neutral bouquet for a luxury florist catalog. A soft neutral bouquet in ivory and green to celebrate any new arrival. Warm ivory seamless background (or controlled charcoal for dramatic items), soft premium studio lighting, realistic floral texture and true-to-life color, centered with generous negative space for a 4:5 portrait crop, subtle champagne-gold and black accents. Catalog-clean, editorial, photorealistic. No text, no logo, no watermark.",REQUIRED
get-well-sunshine-bouquet,Get Well Sunshine Bouquet,products/get-well-sunshine-bouquet-1200x1500.jpg,product,portrait,1200x1500,4:5,"Get Well Sunshine Bouquet — The New Greenhouse, Kingston Jamaica",Single hero on warm-ivory or controlled charcoal seamless; premium studio softbox light; accurate botanical texture; natural proportions; black & champagne-gold packaging accents where relevant; no text/logos in image.,"Studio product photograph of get well sunshine bouquet for a luxury florist catalog. A cheerful yellow and orange bouquet to brighten someone's recovery. Warm ivory seamless background (or controlled charcoal for dramatic items), soft premium studio lighting, realistic floral texture and true-to-life color, centered with generous negative space for a 4:5 portrait crop, subtle champagne-gold and black accents. Catalog-clean, editorial, photorealistic. No text, no logo, no watermark.",REQUIRED
get-well-soft-pastels,Get Well Soft Pastels,products/get-well-soft-pastels-1200x1500.jpg,product,portrait,1200x1500,4:5,"Get Well Soft Pastels — The New Greenhouse, Kingston Jamaica",Single hero on warm-ivory or controlled charcoal seamless; premium studio softbox light; accurate botanical texture; natural proportions; black & champagne-gold packaging accents where relevant; no text/logos in image.,"Studio product photograph of get well soft pastels for a luxury florist catalog. A soothing pastel bouquet to send comfort and calm during recovery. Warm ivory seamless background (or controlled charcoal for dramatic items), soft premium studio lighting, realistic floral texture and true-to-life color, centered with generous negative space for a 4:5 portrait crop, subtle champagne-gold and black accents. Catalog-clean, editorial, photorealistic. No text, no logo, no watermark.",REQUIRED
designers-choice-bouquet,Designer's Choice Bouquet,products/designers-choice-bouquet-1200x1500.jpg,product,portrait,1200x1500,4:5,"Designer's Choice Bouquet — The New Greenhouse, Kingston Jamaica",Single hero on warm-ivory or controlled charcoal seamless; premium studio softbox light; accurate botanical texture; natural proportions; black & champagne-gold packaging accents where relevant; no text/logos in image.,"Studio product photograph of designer's choice bouquet for a luxury florist catalog. Let our florists create a fresh hand-tied bouquet from the best blooms of the day. Warm ivory seamless background (or controlled charcoal for dramatic items), soft premium studio lighting, realistic floral texture and true-to-life color, centered with generous negative space for a 4:5 portrait crop, subtle champagne-gold and black accents. Catalog-clean, editorial, photorealistic. No text, no logo, no watermark.",REQUIRED
seasonal-market-bunch,Seasonal Market Bunch,products/seasonal-market-bunch-1200x1500.jpg,product,portrait,1200x1500,4:5,"Seasonal Market Bunch — The New Greenhouse, Kingston Jamaica",Single hero on warm-ivory or controlled charcoal seamless; premium studio softbox light; accurate botanical texture; natural proportions; black & champagne-gold packaging accents where relevant; no text/logos in image.,"Studio product photograph of seasonal market bunch for a luxury florist catalog. A relaxed, gathered bunch of the season's freshest blooms for everyday enjoyment. Warm ivory seamless background (or controlled charcoal for dramatic items), soft premium studio lighting, realistic floral texture and true-to-life color, centered with generous negative space for a 4:5 portrait crop, subtle champagne-gold and black accents. Catalog-clean, editorial, photorealistic. No text, no logo, no watermark.",REQUIRED
everyday-ivory-elegance,Everyday Ivory Elegance,products/everyday-ivory-elegance-1200x1500.jpg,product,portrait,1200x1500,4:5,"Everyday Ivory Elegance — The New Greenhouse, Kingston Jamaica",Single hero on warm-ivory or controlled charcoal seamless; premium studio softbox light; accurate botanical texture; natural proportions; black & champagne-gold packaging accents where relevant; no text/logos in image.,"Studio product photograph of everyday ivory elegance for a luxury florist catalog. A refined all-white and ivory bouquet that suits any room and any day. Warm ivory seamless background (or controlled charcoal for dramatic items), soft premium studio lighting, realistic floral texture and true-to-life color, centered with generous negative space for a 4:5 portrait crop, subtle champagne-gold and black accents. Catalog-clean, editorial, photorealistic. No text, no logo, no watermark.",REQUIRED
modern-mixed-bouquet,Modern Mixed Bouquet,products/modern-mixed-bouquet-1200x1500.jpg,product,portrait,1200x1500,4:5,"Modern Mixed Bouquet — The New Greenhouse, Kingston Jamaica",Single hero on warm-ivory or controlled charcoal seamless; premium studio softbox light; accurate botanical texture; natural proportions; black & champagne-gold packaging accents where relevant; no text/logos in image.,"Studio product photograph of modern mixed bouquet for a luxury florist catalog. A contemporary mixed bouquet with clean lines and a considered colour palette. Warm ivory seamless background (or controlled charcoal for dramatic items), soft premium studio lighting, realistic floral texture and true-to-life color, centered with generous negative space for a 4:5 portrait crop, subtle champagne-gold and black accents. Catalog-clean, editorial, photorealistic. No text, no logo, no watermark.",REQUIRED
standing-spray-classic-white,Standing Spray — Classic White,products/standing-spray-classic-white-1200x1500.jpg,product,portrait,1200x1500,4:5,"Standing Spray — Classic White — The New Greenhouse, Kingston Jamaica",Single hero on warm-ivory or controlled charcoal seamless; premium studio softbox light; accurate botanical texture; natural proportions; black & champagne-gold packaging accents where relevant; no text/logos in image.,"Studio product photograph of standing spray — classic white for a luxury florist catalog. An easel-mounted standing spray of white lilies, roses and chrysanthemums with soft greenery for a service. Warm ivory seamless background (or controlled charcoal for dramatic items), soft premium studio lighting, realistic floral texture and true-to-life color, centered with generous negative space for a 4:5 portrait crop, subtle champagne-gold and black accents. Catalog-clean, editorial, photorealistic. No text, no logo, no watermark.",REQUIRED
standing-spray-mixed-tribute,Standing Spray — Mixed Tribute,products/standing-spray-mixed-tribute-1200x1500.jpg,product,portrait,1200x1500,4:5,"Standing Spray — Mixed Tribute — The New Greenhouse, Kingston Jamaica",Single hero on warm-ivory or controlled charcoal seamless; premium studio softbox light; accurate botanical texture; natural proportions; black & champagne-gold packaging accents where relevant; no text/logos in image.,"Studio product photograph of standing spray — mixed tribute for a luxury florist catalog. A full easel standing spray in soft mixed tones — blush, cream and gentle colour with greenery. Warm ivory seamless background (or controlled charcoal for dramatic items), soft premium studio lighting, realistic floral texture and true-to-life color, centered with generous negative space for a 4:5 portrait crop, subtle champagne-gold and black accents. Catalog-clean, editorial, photorealistic. No text, no logo, no watermark.",REQUIRED
sympathy-wreath-ivory-greenery,Sympathy Wreath — Ivory & Greenery,products/sympathy-wreath-ivory-greenery-1200x1500.jpg,product,portrait,1200x1500,4:5,"Sympathy Wreath — Ivory & Greenery — The New Greenhouse, Kingston Jamaica",Single hero on warm-ivory or controlled charcoal seamless; premium studio softbox light; accurate botanical texture; natural proportions; black & champagne-gold packaging accents where relevant; no text/logos in image.,"Studio product photograph of sympathy wreath — ivory & greenery for a luxury florist catalog. A round sympathy wreath of ivory blooms and layered greenery on a floral ring for a service or graveside. Warm ivory seamless background (or controlled charcoal for dramatic items), soft premium studio lighting, realistic floral texture and true-to-life color, centered with generous negative space for a 4:5 portrait crop, subtle champagne-gold and black accents. Catalog-clean, editorial, photorealistic. No text, no logo, no watermark.",REQUIRED
casket-spray-full-ivory,Casket Spray — Full Ivory,products/casket-spray-full-ivory-1200x1500.jpg,product,portrait,1200x1500,4:5,"Casket Spray — Full Ivory — The New Greenhouse, Kingston Jamaica",Single hero on warm-ivory or controlled charcoal seamless; premium studio softbox light; accurate botanical texture; natural proportions; black & champagne-gold packaging accents where relevant; no text/logos in image.,"Studio product photograph of casket spray — full ivory for a luxury florist catalog. A full-length casket spray of ivory roses, lilies and greenery designed to rest across the casket. Warm ivory seamless background (or controlled charcoal for dramatic items), soft premium studio lighting, realistic floral texture and true-to-life color, centered with generous negative space for a 4:5 portrait crop, subtle champagne-gold and black accents. Catalog-clean, editorial, photorealistic. No text, no logo, no watermark.",REQUIRED
peaceful-whites-hand-tied-bouquet,Peaceful Whites Hand-Tied Bouquet,products/peaceful-whites-hand-tied-bouquet-1200x1500.jpg,product,portrait,1200x1500,4:5,"Peaceful Whites Hand-Tied Bouquet — The New Greenhouse, Kingston Jamaica",Single hero on warm-ivory or controlled charcoal seamless; premium studio softbox light; accurate botanical texture; natural proportions; black & champagne-gold packaging accents where relevant; no text/logos in image.,"Studio product photograph of peaceful whites hand-tied bouquet for a luxury florist catalog. A hand-tied bouquet of white roses, lilies and greenery to send comfort to a home or the family. Warm ivory seamless background (or controlled charcoal for dramatic items), soft premium studio lighting, realistic floral texture and true-to-life color, centered with generous negative space for a 4:5 portrait crop, subtle champagne-gold and black accents. Catalog-clean, editorial, photorealistic. No text, no logo, no watermark.",REQUIRED
serene-sympathy-bouquet,Serene Sympathy Bouquet,products/serene-sympathy-bouquet-1200x1500.jpg,product,portrait,1200x1500,4:5,"Serene Sympathy Bouquet — The New Greenhouse, Kingston Jamaica",Single hero on warm-ivory or controlled charcoal seamless; premium studio softbox light; accurate botanical texture; natural proportions; black & champagne-gold packaging accents where relevant; no text/logos in image.,"Studio product photograph of serene sympathy bouquet for a luxury florist catalog. A soft hand-tied bouquet in cream and blush tones with greenery, sent as a gentle gesture of care. Warm ivory seamless background (or controlled charcoal for dramatic items), soft premium studio lighting, realistic floral texture and true-to-life color, centered with generous negative space for a 4:5 portrait crop, subtle champagne-gold and black accents. Catalog-clean, editorial, photorealistic. No text, no logo, no watermark.",REQUIRED
tribute-basket-arrangement,Tribute Basket Arrangement,products/tribute-basket-arrangement-1200x1500.jpg,product,portrait,1200x1500,4:5,"Tribute Basket Arrangement — The New Greenhouse, Kingston Jamaica",Single hero on warm-ivory or controlled charcoal seamless; premium studio softbox light; accurate botanical texture; natural proportions; black & champagne-gold packaging accents where relevant; no text/logos in image.,"Studio product photograph of tribute basket arrangement for a luxury florist catalog. A gathered basket of white and cream blooms with greenery, ready to display at a home or service. Warm ivory seamless background (or controlled charcoal for dramatic items), soft premium studio lighting, realistic floral texture and true-to-life color, centered with generous negative space for a 4:5 portrait crop, subtle champagne-gold and black accents. Catalog-clean, editorial, photorealistic. No text, no logo, no watermark.",REQUIRED
memorial-vase-arrangement,Memorial Vase Arrangement,products/memorial-vase-arrangement-1200x1500.jpg,product,portrait,1200x1500,4:5,"Memorial Vase Arrangement — The New Greenhouse, Kingston Jamaica",Single hero on warm-ivory or controlled charcoal seamless; premium studio softbox light; accurate botanical texture; natural proportions; black & champagne-gold packaging accents where relevant; no text/logos in image.,"Studio product photograph of memorial vase arrangement for a luxury florist catalog. An upright vase arrangement of white lilies, roses and greenery to comfort a home or family. Warm ivory seamless background (or controlled charcoal for dramatic items), soft premium studio lighting, realistic floral texture and true-to-life color, centered with generous negative space for a 4:5 portrait crop, subtle champagne-gold and black accents. Catalog-clean, editorial, photorealistic. No text, no logo, no watermark.",REQUIRED
bridal-bouquet-ivory-garden,Bridal Bouquet — Ivory Garden,products/bridal-bouquet-ivory-garden-1200x1500.jpg,product,portrait,1200x1500,4:5,"Bridal Bouquet — Ivory Garden — The New Greenhouse, Kingston Jamaica",Single hero on warm-ivory or controlled charcoal seamless; premium studio softbox light; accurate botanical texture; natural proportions; black & champagne-gold packaging accents where relevant; no text/logos in image.,"Studio product photograph of bridal bouquet — ivory garden for a luxury florist catalog. A soft ivory and white bridal bouquet in a natural garden style, tailored to the couple and venue on consultation. Warm ivory seamless background (or controlled charcoal for dramatic items), soft premium studio lighting, realistic floral texture and true-to-life color, centered with generous negative space for a 4:5 portrait crop, subtle champagne-gold and black accents. Catalog-clean, editorial, photorealistic. No text, no logo, no watermark.",REQUIRED
bridal-bouquet-cascading-blush,Bridal Bouquet — Cascading Blush,products/bridal-bouquet-cascading-blush-1200x1500.jpg,product,portrait,1200x1500,4:5,"Bridal Bouquet — Cascading Blush — The New Greenhouse, Kingston Jamaica",Single hero on warm-ivory or controlled charcoal seamless; premium studio softbox light; accurate botanical texture; natural proportions; black & champagne-gold packaging accents where relevant; no text/logos in image.,"Studio product photograph of bridal bouquet — cascading blush for a luxury florist catalog. A romantic cascading bridal bouquet in blush and pink tones, custom designed to the couple and venue on consultation. Warm ivory seamless background (or controlled charcoal for dramatic items), soft premium studio lighting, realistic floral texture and true-to-life color, centered with generous negative space for a 4:5 portrait crop, subtle champagne-gold and black accents. Catalog-clean, editorial, photorealistic. No text, no logo, no watermark.",REQUIRED
bridesmaid-bouquet,Bridesmaid Bouquet,products/bridesmaid-bouquet-1200x1500.jpg,product,portrait,1200x1500,4:5,"Bridesmaid Bouquet — The New Greenhouse, Kingston Jamaica",Single hero on warm-ivory or controlled charcoal seamless; premium studio softbox light; accurate botanical texture; natural proportions; black & champagne-gold packaging accents where relevant; no text/logos in image.,"Studio product photograph of bridesmaid bouquet for a luxury florist catalog. A coordinated hand-tied bridesmaid bouquet, scaled and colour-matched to the bridal party on consultation. Warm ivory seamless background (or controlled charcoal for dramatic items), soft premium studio lighting, realistic floral texture and true-to-life color, centered with generous negative space for a 4:5 portrait crop, subtle champagne-gold and black accents. Catalog-clean, editorial, photorealistic. No text, no logo, no watermark.",REQUIRED
low-reception-centerpiece,Low Reception Centerpiece,products/low-reception-centerpiece-1200x1500.jpg,product,portrait,1200x1500,4:5,"Low Reception Centerpiece — The New Greenhouse, Kingston Jamaica",Single hero on warm-ivory or controlled charcoal seamless; premium studio softbox light; accurate botanical texture; natural proportions; black & champagne-gold packaging accents where relevant; no text/logos in image.,"Studio product photograph of low reception centerpiece for a luxury florist catalog. A low, lush table centerpiece for reception guests to see across, tailored to your palette and venue on consultation. Warm ivory seamless background (or controlled charcoal for dramatic items), soft premium studio lighting, realistic floral texture and true-to-life color, centered with generous negative space for a 4:5 portrait crop, subtle champagne-gold and black accents. Catalog-clean, editorial, photorealistic. No text, no logo, no watermark.",REQUIRED
elevated-reception-centerpiece,Elevated Reception Centerpiece,products/elevated-reception-centerpiece-1200x1500.jpg,product,portrait,1200x1500,4:5,"Elevated Reception Centerpiece — The New Greenhouse, Kingston Jamaica",Single hero on warm-ivory or controlled charcoal seamless; premium studio softbox light; accurate botanical texture; natural proportions; black & champagne-gold packaging accents where relevant; no text/logos in image.,"Studio product photograph of elevated reception centerpiece for a luxury florist catalog. A raised centerpiece on a stand or vase for height and drama at receptions, custom designed on consultation. Warm ivory seamless background (or controlled charcoal for dramatic items), soft premium studio lighting, realistic floral texture and true-to-life color, centered with generous negative space for a 4:5 portrait crop, subtle champagne-gold and black accents. Catalog-clean, editorial, photorealistic. No text, no logo, no watermark.",REQUIRED
ceremony-aisle-arch-arrangement,Ceremony Aisle & Arch Arrangement,products/ceremony-aisle-arch-arrangement-1200x1500.jpg,product,portrait,1200x1500,4:5,"Ceremony Aisle & Arch Arrangement — The New Greenhouse, Kingston Jamaica",Single hero on warm-ivory or controlled charcoal seamless; premium studio softbox light; accurate botanical texture; natural proportions; black & champagne-gold packaging accents where relevant; no text/logos in image.,"Studio product photograph of ceremony aisle & arch arrangement for a luxury florist catalog. Floral pieces for aisle ends, arches and altars, designed and scaled to your ceremony space on consultation. Warm ivory seamless background (or controlled charcoal for dramatic items), soft premium studio lighting, realistic floral texture and true-to-life color, centered with generous negative space for a 4:5 portrait crop, subtle champagne-gold and black accents. Catalog-clean, editorial, photorealistic. No text, no logo, no watermark.",REQUIRED
sweetheart-table-arrangement,Sweetheart Table Arrangement,products/sweetheart-table-arrangement-1200x1500.jpg,product,portrait,1200x1500,4:5,"Sweetheart Table Arrangement — The New Greenhouse, Kingston Jamaica",Single hero on warm-ivory or controlled charcoal seamless; premium studio softbox light; accurate botanical texture; natural proportions; black & champagne-gold packaging accents where relevant; no text/logos in image.,"Studio product photograph of sweetheart table arrangement for a luxury florist catalog. A lush arrangement or garland for the couple's sweetheart or head table, custom designed on consultation. Warm ivory seamless background (or controlled charcoal for dramatic items), soft premium studio lighting, realistic floral texture and true-to-life color, centered with generous negative space for a 4:5 portrait crop, subtle champagne-gold and black accents. Catalog-clean, editorial, photorealistic. No text, no logo, no watermark.",REQUIRED
intimate-wedding-flower-package,Intimate Wedding Flower Package,products/intimate-wedding-flower-package-1200x1500.jpg,product,portrait,1200x1500,4:5,"Intimate Wedding Flower Package — The New Greenhouse, Kingston Jamaica",Single hero on warm-ivory or controlled charcoal seamless; premium studio softbox light; accurate botanical texture; natural proportions; black & champagne-gold packaging accents where relevant; no text/logos in image.,"Studio product photograph of intimate wedding flower package for a luxury florist catalog. A starting flower package for intimate weddings: bridal and bridesmaid bouquets plus a few centerpieces, customised on consultation. Warm ivory seamless background (or controlled charcoal for dramatic items), soft premium studio lighting, realistic floral texture and true-to-life color, centered with generous negative space for a 4:5 portrait crop, subtle champagne-gold and black accents. Catalog-clean, editorial, photorealistic. No text, no logo, no watermark.",REQUIRED
wet-floral-foam-bricks,Wet Floral Foam Bricks,products/wet-floral-foam-bricks-1200x1500.jpg,product,portrait,1200x1500,4:5,"Wet Floral Foam Bricks — The New Greenhouse, Kingston Jamaica",Single hero on warm-ivory or controlled charcoal seamless; premium studio softbox light; accurate botanical texture; natural proportions; black & champagne-gold packaging accents where relevant; no text/logos in image.,"Studio product photograph of wet floral foam bricks for a luxury florist catalog. Standard wet floral foam bricks for fresh arrangements. Holds water and stems securely. Sold in packs of 6, 12 or 24. Warm ivory seamless background (or controlled charcoal for dramatic items), soft premium studio lighting, realistic floral texture and true-to-life color, centered with generous negative space for a 4:5 portrait crop, subtle champagne-gold and black accents. Catalog-clean, editorial, photorealistic. No text, no logo, no watermark.",REQUIRED
glass-cylinder-vase,Glass Cylinder Vase,products/glass-cylinder-vase-1200x1500.jpg,product,portrait,1200x1500,4:5,"Glass Cylinder Vase — The New Greenhouse, Kingston Jamaica",Single hero on warm-ivory or controlled charcoal seamless; premium studio softbox light; accurate botanical texture; natural proportions; black & champagne-gold packaging accents where relevant; no text/logos in image.,"Studio product photograph of glass cylinder vase for a luxury florist catalog. Clear glass cylinder vase with a heavy base and smooth rim. A versatile staple for arrangements, events and hydrangea displays. Warm ivory seamless background (or controlled charcoal for dramatic items), soft premium studio lighting, realistic floral texture and true-to-life color, centered with generous negative space for a 4:5 portrait crop, subtle champagne-gold and black accents. Catalog-clean, editorial, photorealistic. No text, no logo, no watermark.",REQUIRED
bud-vase-set,Bud Vase Set,products/bud-vase-set-1200x1500.jpg,product,portrait,1200x1500,4:5,"Bud Vase Set — The New Greenhouse, Kingston Jamaica",Single hero on warm-ivory or controlled charcoal seamless; premium studio softbox light; accurate botanical texture; natural proportions; black & champagne-gold packaging accents where relevant; no text/logos in image.,"Studio product photograph of bud vase set for a luxury florist catalog. Set of small glass bud vases for single stems and mini arrangements. Ideal for tablescapes, place settings and everyday blooms. Warm ivory seamless background (or controlled charcoal for dramatic items), soft premium studio lighting, realistic floral texture and true-to-life color, centered with generous negative space for a 4:5 portrait crop, subtle champagne-gold and black accents. Catalog-clean, editorial, photorealistic. No text, no logo, no watermark.",REQUIRED
satin-ribbon,Satin Ribbon,products/satin-ribbon-1200x1500.jpg,product,portrait,1200x1500,4:5,"Satin Ribbon — The New Greenhouse, Kingston Jamaica",Single hero on warm-ivory or controlled charcoal seamless; premium studio softbox light; accurate botanical texture; natural proportions; black & champagne-gold packaging accents where relevant; no text/logos in image.,"Studio product photograph of satin ribbon for a luxury florist catalog. Double-faced satin ribbon for bouquet ties, box finishing and gift wrap. Smooth sheen on both sides. Ivory, Champagne Gold or Black. Warm ivory seamless background (or controlled charcoal for dramatic items), soft premium studio lighting, realistic floral texture and true-to-life color, centered with generous negative space for a 4:5 portrait crop, subtle champagne-gold and black accents. Catalog-clean, editorial, photorealistic. No text, no logo, no watermark.",REQUIRED
organza-ribbon,Organza Ribbon,products/organza-ribbon-1200x1500.jpg,product,portrait,1200x1500,4:5,"Organza Ribbon — The New Greenhouse, Kingston Jamaica",Single hero on warm-ivory or controlled charcoal seamless; premium studio softbox light; accurate botanical texture; natural proportions; black & champagne-gold packaging accents where relevant; no text/logos in image.,"Studio product photograph of organza ribbon for a luxury florist catalog. Sheer organza ribbon for soft, airy bows and delicate bouquet ties. Lightweight and translucent. Ivory, Blush or Sage. Warm ivory seamless background (or controlled charcoal for dramatic items), soft premium studio lighting, realistic floral texture and true-to-life color, centered with generous negative space for a 4:5 portrait crop, subtle champagne-gold and black accents. Catalog-clean, editorial, photorealistic. No text, no logo, no watermark.",REQUIRED
kraft-cellophane-wrap,Kraft & Cellophane Wrap,products/kraft-cellophane-wrap-1200x1500.jpg,product,portrait,1200x1500,4:5,"Kraft & Cellophane Wrap — The New Greenhouse, Kingston Jamaica",Single hero on warm-ivory or controlled charcoal seamless; premium studio softbox light; accurate botanical texture; natural proportions; black & champagne-gold packaging accents where relevant; no text/logos in image.,"Studio product photograph of kraft & cellophane wrap for a luxury florist catalog. Combined kraft paper and clear cellophane sheets for wrapping bouquets and hand-ties. Sold in packs of 25 or 50 sheets. Warm ivory seamless background (or controlled charcoal for dramatic items), soft premium studio lighting, realistic floral texture and true-to-life color, centered with generous negative space for a 4:5 portrait crop, subtle champagne-gold and black accents. Catalog-clean, editorial, photorealistic. No text, no logo, no watermark.",REQUIRED
woven-arrangement-basket,Woven Arrangement Basket,products/woven-arrangement-basket-1200x1500.jpg,product,portrait,1200x1500,4:5,"Woven Arrangement Basket — The New Greenhouse, Kingston Jamaica",Single hero on warm-ivory or controlled charcoal seamless; premium studio softbox light; accurate botanical texture; natural proportions; black & champagne-gold packaging accents where relevant; no text/logos in image.,"Studio product photograph of woven arrangement basket for a luxury florist catalog. Natural woven basket for floral arrangements and gift builds. Sturdy handle and liner-friendly base. Small, Medium or Large. Warm ivory seamless background (or controlled charcoal for dramatic items), soft premium studio lighting, realistic floral texture and true-to-life color, centered with generous negative space for a 4:5 portrait crop, subtle champagne-gold and black accents. Catalog-clean, editorial, photorealistic. No text, no logo, no watermark.",REQUIRED
floral-stem-tape,Floral Stem Tape,products/floral-stem-tape-1200x1500.jpg,product,portrait,1200x1500,4:5,"Floral Stem Tape — The New Greenhouse, Kingston Jamaica",Single hero on warm-ivory or controlled charcoal seamless; premium studio softbox light; accurate botanical texture; natural proportions; black & champagne-gold packaging accents where relevant; no text/logos in image.,"Studio product photograph of floral stem tape for a luxury florist catalog. Self-sealing floral stem tape for binding bouquets, corsages and boutonnieres. Stretches and clings to itself. Green or White. Warm ivory seamless background (or controlled charcoal for dramatic items), soft premium studio lighting, realistic floral texture and true-to-life color, centered with generous negative space for a 4:5 portrait crop, subtle champagne-gold and black accents. Catalog-clean, editorial, photorealistic. No text, no logo, no watermark.",REQUIRED
florist-shears-snips,Florist Shears & Snips,products/florist-shears-snips-1200x1500.jpg,product,portrait,1200x1500,4:5,"Florist Shears & Snips — The New Greenhouse, Kingston Jamaica",Single hero on warm-ivory or controlled charcoal seamless; premium studio softbox light; accurate botanical texture; natural proportions; black & champagne-gold packaging accents where relevant; no text/logos in image.,"Studio product photograph of florist shears & snips for a luxury florist catalog. Sharp stainless-steel florist shears and precision snips for clean stem cuts. Comfortable grip for all-day studio use. Warm ivory seamless background (or controlled charcoal for dramatic items), soft premium studio lighting, realistic floral texture and true-to-life color, centered with generous negative space for a 4:5 portrait crop, subtle champagne-gold and black accents. Catalog-clean, editorial, photorealistic. No text, no logo, no watermark.",REQUIRED
bouquet-presentation-boxes,Bouquet Presentation Boxes,products/bouquet-presentation-boxes-1200x1500.jpg,product,portrait,1200x1500,4:5,"Bouquet Presentation Boxes — The New Greenhouse, Kingston Jamaica",Single hero on warm-ivory or controlled charcoal seamless; premium studio softbox light; accurate botanical texture; natural proportions; black & champagne-gold packaging accents where relevant; no text/logos in image.,"Studio product photograph of bouquet presentation boxes for a luxury florist catalog. Rigid presentation boxes for gifting bouquets and floral arrangements. Clean lines and a liner-friendly base. Packs of 10 or 25. Warm ivory seamless background (or controlled charcoal for dramatic items), soft premium studio lighting, realistic floral texture and true-to-life color, centered with generous negative space for a 4:5 portrait crop, subtle champagne-gold and black accents. Catalog-clean, editorial, photorealistic. No text, no logo, no watermark.",REQUIRED
peace-lily-plant,Peace Lily Plant,products/peace-lily-plant-1200x1500.jpg,product,portrait,1200x1500,4:5,"Peace Lily Plant — The New Greenhouse, Kingston Jamaica",Single hero on warm-ivory or controlled charcoal seamless; premium studio softbox light; accurate botanical texture; natural proportions; black & champagne-gold packaging accents where relevant; no text/logos in image.,"Studio product photograph of peace lily plant for a luxury florist catalog. Elegant peace lily in a ceramic-style pot — a calm, low-maintenance living gift for home or office. Warm ivory seamless background (or controlled charcoal for dramatic items), soft premium studio lighting, realistic floral texture and true-to-life color, centered with generous negative space for a 4:5 portrait crop, subtle champagne-gold and black accents. Catalog-clean, editorial, photorealistic. No text, no logo, no watermark.",REQUIRED
snake-plant-sansevieria,Snake Plant (Sansevieria),products/snake-plant-sansevieria-1200x1500.jpg,product,portrait,1200x1500,4:5,"Snake Plant (Sansevieria) — The New Greenhouse, Kingston Jamaica",Single hero on warm-ivory or controlled charcoal seamless; premium studio softbox light; accurate botanical texture; natural proportions; black & champagne-gold packaging accents where relevant; no text/logos in image.,"Studio product photograph of snake plant (sansevieria) for a luxury florist catalog. Architectural snake plant with upright, patterned leaves — nearly indestructible and perfect for desks and lobbies. Warm ivory seamless background (or controlled charcoal for dramatic items), soft premium studio lighting, realistic floral texture and true-to-life color, centered with generous negative space for a 4:5 portrait crop, subtle champagne-gold and black accents. Catalog-clean, editorial, photorealistic. No text, no logo, no watermark.",REQUIRED
phalaenopsis-orchid-plant,Phalaenopsis Orchid Plant,products/phalaenopsis-orchid-plant-1200x1500.jpg,product,portrait,1200x1500,4:5,"Phalaenopsis Orchid Plant — The New Greenhouse, Kingston Jamaica",Single hero on warm-ivory or controlled charcoal seamless; premium studio softbox light; accurate botanical texture; natural proportions; black & champagne-gold packaging accents where relevant; no text/logos in image.,"Studio product photograph of phalaenopsis orchid plant for a luxury florist catalog. A refined white phalaenopsis orchid in bloom — a long-lasting, upscale living gift for any celebration. Warm ivory seamless background (or controlled charcoal for dramatic items), soft premium studio lighting, realistic floral texture and true-to-life color, centered with generous negative space for a 4:5 portrait crop, subtle champagne-gold and black accents. Catalog-clean, editorial, photorealistic. No text, no logo, no watermark.",REQUIRED
fruit-flower-gift-basket,Fruit & Flower Gift Basket,products/fruit-flower-gift-basket-1200x1500.jpg,product,portrait,1200x1500,4:5,"Fruit & Flower Gift Basket — The New Greenhouse, Kingston Jamaica",Single hero on warm-ivory or controlled charcoal seamless; premium studio softbox light; accurate botanical texture; natural proportions; black & champagne-gold packaging accents where relevant; no text/logos in image.,"Studio product photograph of fruit & flower gift basket for a luxury florist catalog. A generous basket of fresh fruit paired with seasonal blooms — a thoughtful get-well or congratulations gift. Warm ivory seamless background (or controlled charcoal for dramatic items), soft premium studio lighting, realistic floral texture and true-to-life color, centered with generous negative space for a 4:5 portrait crop, subtle champagne-gold and black accents. Catalog-clean, editorial, photorealistic. No text, no logo, no watermark.",REQUIRED
belgian-chocolates-add-on,Belgian Chocolates Add-on,products/belgian-chocolates-add-on-1200x1500.jpg,product,portrait,1200x1500,4:5,"Belgian Chocolates Add-on — The New Greenhouse, Kingston Jamaica",Single hero on warm-ivory or controlled charcoal seamless; premium studio softbox light; accurate botanical texture; natural proportions; black & champagne-gold packaging accents where relevant; no text/logos in image.,"Studio product photograph of belgian chocolates add-on for a luxury florist catalog. A box of rich Belgian-style chocolates to add to your floral order — a small indulgence that completes the gift. Warm ivory seamless background (or controlled charcoal for dramatic items), soft premium studio lighting, realistic floral texture and true-to-life color, centered with generous negative space for a 4:5 portrait crop, subtle champagne-gold and black accents. Catalog-clean, editorial, photorealistic. No text, no logo, no watermark.",REQUIRED
plush-teddy-bear-add-on,Plush Teddy Bear Add-on,products/plush-teddy-bear-add-on-1200x1500.jpg,product,portrait,1200x1500,4:5,"Plush Teddy Bear Add-on — The New Greenhouse, Kingston Jamaica",Single hero on warm-ivory or controlled charcoal seamless; premium studio softbox light; accurate botanical texture; natural proportions; black & champagne-gold packaging accents where relevant; no text/logos in image.,"Studio product photograph of plush teddy bear add-on for a luxury florist catalog. A soft, cuddly teddy bear to add to your flowers — a sweet extra for new babies, birthdays, and get-well wishes. Warm ivory seamless background (or controlled charcoal for dramatic items), soft premium studio lighting, realistic floral texture and true-to-life color, centered with generous negative space for a 4:5 portrait crop, subtle champagne-gold and black accents. Catalog-clean, editorial, photorealistic. No text, no logo, no watermark.",REQUIRED
