Handle,Image Src,Image Position,Image Alt Text
long-stem-red-roses,https://shop.thenewgreenhouseja.com/images/products/long-stem-red-roses-1200x1500.jpg,1,"Long-Stem Red Roses — The New Greenhouse, Kingston Jamaica"
long-stem-ivory-roses,https://shop.thenewgreenhouseja.com/images/products/long-stem-ivory-roses-1200x1500.jpg,1,"Long-Stem Ivory Roses — The New Greenhouse, Kingston Jamaica"
long-stem-pink-roses,https://shop.thenewgreenhouseja.com/images/products/long-stem-pink-roses-1200x1500.jpg,1,"Long-Stem Pink Roses — The New Greenhouse, Kingston Jamaica"
long-stem-yellow-roses,https://shop.thenewgreenhouseja.com/images/products/long-stem-yellow-roses-1200x1500.jpg,1,"Long-Stem Yellow Roses — The New Greenhouse, Kingston Jamaica"
assorted-spray-roses,https://shop.thenewgreenhouseja.com/images/products/assorted-spray-roses-1200x1500.jpg,1,"Assorted Spray Roses — The New Greenhouse, Kingston Jamaica"
ivory-garden-roses,https://shop.thenewgreenhouseja.com/images/products/ivory-garden-roses-1200x1500.jpg,1,"Ivory Garden Roses — The New Greenhouse, Kingston Jamaica"
dendrobium-orchid-stems,https://shop.thenewgreenhouseja.com/images/products/dendrobium-orchid-stems-1200x1500.jpg,1,"Dendrobium Orchid Stems — The New Greenhouse, Kingston Jamaica"
cymbidium-orchid-stems,https://shop.thenewgreenhouseja.com/images/products/cymbidium-orchid-stems-1200x1500.jpg,1,"Cymbidium Orchid Stems — The New Greenhouse, Kingston Jamaica"
phalaenopsis-orchid-stems,https://shop.thenewgreenhouseja.com/images/products/phalaenopsis-orchid-stems-1200x1500.jpg,1,"Phalaenopsis Orchid Stems — The New Greenhouse, Kingston Jamaica"
oriental-lilies-white,https://shop.thenewgreenhouseja.com/images/products/oriental-lilies-white-1200x1500.jpg,1,"Oriental Lilies (White) — The New Greenhouse, Kingston Jamaica"
asiatic-lilies-mixed,https://shop.thenewgreenhouseja.com/images/products/asiatic-lilies-mixed-1200x1500.jpg,1,"Asiatic Lilies (Mixed) — The New Greenhouse, Kingston Jamaica"
calla-lilies-ivory,https://shop.thenewgreenhouseja.com/images/products/calla-lilies-ivory-1200x1500.jpg,1,"Calla Lilies (Ivory) — The New Greenhouse, Kingston Jamaica"
white-hydrangeas,https://shop.thenewgreenhouseja.com/images/products/white-hydrangeas-1200x1500.jpg,1,"White Hydrangeas — The New Greenhouse, Kingston Jamaica"
antique-blue-hydrangeas,https://shop.thenewgreenhouseja.com/images/products/antique-blue-hydrangeas-1200x1500.jpg,1,"Antique Blue Hydrangeas — The New Greenhouse, Kingston Jamaica"
pink-hydrangeas,https://shop.thenewgreenhouseja.com/images/products/pink-hydrangeas-1200x1500.jpg,1,"Pink Hydrangeas — The New Greenhouse, Kingston Jamaica"
football-disbud-chrysanthemums,https://shop.thenewgreenhouseja.com/images/products/football-disbud-chrysanthemums-1200x1500.jpg,1,"Football Disbud Chrysanthemums — The New Greenhouse, Kingston Jamaica"
spider-chrysanthemums,https://shop.thenewgreenhouseja.com/images/products/spider-chrysanthemums-1200x1500.jpg,1,"Spider Chrysanthemums — The New Greenhouse, Kingston Jamaica"
button-pompon-chrysanthemums,https://shop.thenewgreenhouseja.com/images/products/button-pompon-chrysanthemums-1200x1500.jpg,1,"Button Pompon Chrysanthemums — The New Greenhouse, Kingston Jamaica"
standard-carnations-assorted,https://shop.thenewgreenhouseja.com/images/products/standard-carnations-assorted-1200x1500.jpg,1,"Standard Carnations (Assorted) — The New Greenhouse, Kingston Jamaica"
spray-mini-carnations,https://shop.thenewgreenhouseja.com/images/products/spray-mini-carnations-1200x1500.jpg,1,"Spray Mini Carnations — The New Greenhouse, Kingston Jamaica"
anthurium-stems,https://shop.thenewgreenhouseja.com/images/products/anthurium-stems-1200x1500.jpg,1,"Anthurium Stems — The New Greenhouse, Kingston Jamaica"
heliconia,https://shop.thenewgreenhouseja.com/images/products/heliconia-1200x1500.jpg,1,"Heliconia — The New Greenhouse, Kingston Jamaica"
torch-ginger,https://shop.thenewgreenhouseja.com/images/products/torch-ginger-1200x1500.jpg,1,"Torch Ginger — The New Greenhouse, Kingston Jamaica"
bird-of-paradise,https://shop.thenewgreenhouseja.com/images/products/bird-of-paradise-1200x1500.jpg,1,"Bird of Paradise — The New Greenhouse, Kingston Jamaica"
seeded-eucalyptus,https://shop.thenewgreenhouseja.com/images/products/seeded-eucalyptus-1200x1500.jpg,1,"Seeded Eucalyptus — The New Greenhouse, Kingston Jamaica"
silver-dollar-eucalyptus,https://shop.thenewgreenhouseja.com/images/products/silver-dollar-eucalyptus-1200x1500.jpg,1,"Silver Dollar Eucalyptus — The New Greenhouse, Kingston Jamaica"
israeli-ruscus,https://shop.thenewgreenhouseja.com/images/products/israeli-ruscus-1200x1500.jpg,1,"Israeli Ruscus — The New Greenhouse, Kingston Jamaica"
palm-leather-leaf,https://shop.thenewgreenhouseja.com/images/products/palm-leather-leaf-1200x1500.jpg,1,"Palm & Leather Leaf — The New Greenhouse, Kingston Jamaica"
babys-breath-gypsophila,https://shop.thenewgreenhouseja.com/images/products/babys-breath-gypsophila-1200x1500.jpg,1,"Baby's Breath (Gypsophila) — The New Greenhouse, Kingston Jamaica"
wax-flower,https://shop.thenewgreenhouseja.com/images/products/wax-flower-1200x1500.jpg,1,"Wax Flower — The New Greenhouse, Kingston Jamaica"
statice,https://shop.thenewgreenhouseja.com/images/products/statice-1200x1500.jpg,1,"Statice — The New Greenhouse, Kingston Jamaica"
solidago,https://shop.thenewgreenhouseja.com/images/products/solidago-1200x1500.jpg,1,"Solidago — The New Greenhouse, Kingston Jamaica"
birthday-brights-bouquet,https://shop.thenewgreenhouseja.com/images/products/birthday-brights-bouquet-1200x1500.jpg,1,"Birthday Brights Bouquet — The New Greenhouse, Kingston Jamaica"
classic-birthday-blooms,https://shop.thenewgreenhouseja.com/images/products/classic-birthday-blooms-1200x1500.jpg,1,"Classic Birthday Blooms — The New Greenhouse, Kingston Jamaica"
anniversary-rose-bouquet,https://shop.thenewgreenhouseja.com/images/products/anniversary-rose-bouquet-1200x1500.jpg,1,"Anniversary Rose Bouquet — The New Greenhouse, Kingston Jamaica"
anniversary-luxe-arrangement,https://shop.thenewgreenhouseja.com/images/products/anniversary-luxe-arrangement-1200x1500.jpg,1,"Anniversary Luxe Arrangement — The New Greenhouse, Kingston Jamaica"
red-rose-romance-bouquet,https://shop.thenewgreenhouseja.com/images/products/red-rose-romance-bouquet-1200x1500.jpg,1,"Red Rose Romance Bouquet — The New Greenhouse, Kingston Jamaica"
blush-romance-bouquet,https://shop.thenewgreenhouseja.com/images/products/blush-romance-bouquet-1200x1500.jpg,1,"Blush Romance Bouquet — The New Greenhouse, Kingston Jamaica"
congratulations-bright-bouquet,https://shop.thenewgreenhouseja.com/images/products/congratulations-bright-bouquet-1200x1500.jpg,1,"Congratulations Bright Bouquet — The New Greenhouse, Kingston Jamaica"
congratulations-elegant-arrangement,https://shop.thenewgreenhouseja.com/images/products/congratulations-elegant-arrangement-1200x1500.jpg,1,"Congratulations Elegant Arrangement — The New Greenhouse, Kingston Jamaica"
new-baby-soft-pink-bouquet,https://shop.thenewgreenhouseja.com/images/products/new-baby-soft-pink-bouquet-1200x1500.jpg,1,"New Baby Soft Pink Bouquet — The New Greenhouse, Kingston Jamaica"
new-baby-neutral-bouquet,https://shop.thenewgreenhouseja.com/images/products/new-baby-neutral-bouquet-1200x1500.jpg,1,"New Baby Neutral Bouquet — The New Greenhouse, Kingston Jamaica"
get-well-sunshine-bouquet,https://shop.thenewgreenhouseja.com/images/products/get-well-sunshine-bouquet-1200x1500.jpg,1,"Get Well Sunshine Bouquet — The New Greenhouse, Kingston Jamaica"
get-well-soft-pastels,https://shop.thenewgreenhouseja.com/images/products/get-well-soft-pastels-1200x1500.jpg,1,"Get Well Soft Pastels — The New Greenhouse, Kingston Jamaica"
designers-choice-bouquet,https://shop.thenewgreenhouseja.com/images/products/designers-choice-bouquet-1200x1500.jpg,1,"Designer's Choice Bouquet — The New Greenhouse, Kingston Jamaica"
seasonal-market-bunch,https://shop.thenewgreenhouseja.com/images/products/seasonal-market-bunch-1200x1500.jpg,1,"Seasonal Market Bunch — The New Greenhouse, Kingston Jamaica"
everyday-ivory-elegance,https://shop.thenewgreenhouseja.com/images/products/everyday-ivory-elegance-1200x1500.jpg,1,"Everyday Ivory Elegance — The New Greenhouse, Kingston Jamaica"
modern-mixed-bouquet,https://shop.thenewgreenhouseja.com/images/products/modern-mixed-bouquet-1200x1500.jpg,1,"Modern Mixed Bouquet — The New Greenhouse, Kingston Jamaica"
standing-spray-classic-white,https://shop.thenewgreenhouseja.com/images/products/standing-spray-classic-white-1200x1500.jpg,1,"Standing Spray — Classic White — The New Greenhouse, Kingston Jamaica"
standing-spray-mixed-tribute,https://shop.thenewgreenhouseja.com/images/products/standing-spray-mixed-tribute-1200x1500.jpg,1,"Standing Spray — Mixed Tribute — The New Greenhouse, Kingston Jamaica"
sympathy-wreath-ivory-greenery,https://shop.thenewgreenhouseja.com/images/products/sympathy-wreath-ivory-greenery-1200x1500.jpg,1,"Sympathy Wreath — Ivory & Greenery — The New Greenhouse, Kingston Jamaica"
casket-spray-full-ivory,https://shop.thenewgreenhouseja.com/images/products/casket-spray-full-ivory-1200x1500.jpg,1,"Casket Spray — Full Ivory — The New Greenhouse, Kingston Jamaica"
peaceful-whites-hand-tied-bouquet,https://shop.thenewgreenhouseja.com/images/products/peaceful-whites-hand-tied-bouquet-1200x1500.jpg,1,"Peaceful Whites Hand-Tied Bouquet — The New Greenhouse, Kingston Jamaica"
serene-sympathy-bouquet,https://shop.thenewgreenhouseja.com/images/products/serene-sympathy-bouquet-1200x1500.jpg,1,"Serene Sympathy Bouquet — The New Greenhouse, Kingston Jamaica"
tribute-basket-arrangement,https://shop.thenewgreenhouseja.com/images/products/tribute-basket-arrangement-1200x1500.jpg,1,"Tribute Basket Arrangement — The New Greenhouse, Kingston Jamaica"
memorial-vase-arrangement,https://shop.thenewgreenhouseja.com/images/products/memorial-vase-arrangement-1200x1500.jpg,1,"Memorial Vase Arrangement — The New Greenhouse, Kingston Jamaica"
bridal-bouquet-ivory-garden,https://shop.thenewgreenhouseja.com/images/products/bridal-bouquet-ivory-garden-1200x1500.jpg,1,"Bridal Bouquet — Ivory Garden — The New Greenhouse, Kingston Jamaica"
bridal-bouquet-cascading-blush,https://shop.thenewgreenhouseja.com/images/products/bridal-bouquet-cascading-blush-1200x1500.jpg,1,"Bridal Bouquet — Cascading Blush — The New Greenhouse, Kingston Jamaica"
bridesmaid-bouquet,https://shop.thenewgreenhouseja.com/images/products/bridesmaid-bouquet-1200x1500.jpg,1,"Bridesmaid Bouquet — The New Greenhouse, Kingston Jamaica"
low-reception-centerpiece,https://shop.thenewgreenhouseja.com/images/products/low-reception-centerpiece-1200x1500.jpg,1,"Low Reception Centerpiece — The New Greenhouse, Kingston Jamaica"
elevated-reception-centerpiece,https://shop.thenewgreenhouseja.com/images/products/elevated-reception-centerpiece-1200x1500.jpg,1,"Elevated Reception Centerpiece — The New Greenhouse, Kingston Jamaica"
ceremony-aisle-arch-arrangement,https://shop.thenewgreenhouseja.com/images/products/ceremony-aisle-arch-arrangement-1200x1500.jpg,1,"Ceremony Aisle & Arch Arrangement — The New Greenhouse, Kingston Jamaica"
sweetheart-table-arrangement,https://shop.thenewgreenhouseja.com/images/products/sweetheart-table-arrangement-1200x1500.jpg,1,"Sweetheart Table Arrangement — The New Greenhouse, Kingston Jamaica"
intimate-wedding-flower-package,https://shop.thenewgreenhouseja.com/images/products/intimate-wedding-flower-package-1200x1500.jpg,1,"Intimate Wedding Flower Package — The New Greenhouse, Kingston Jamaica"
wet-floral-foam-bricks,https://shop.thenewgreenhouseja.com/images/products/wet-floral-foam-bricks-1200x1500.jpg,1,"Wet Floral Foam Bricks — The New Greenhouse, Kingston Jamaica"
glass-cylinder-vase,https://shop.thenewgreenhouseja.com/images/products/glass-cylinder-vase-1200x1500.jpg,1,"Glass Cylinder Vase — The New Greenhouse, Kingston Jamaica"
bud-vase-set,https://shop.thenewgreenhouseja.com/images/products/bud-vase-set-1200x1500.jpg,1,"Bud Vase Set — The New Greenhouse, Kingston Jamaica"
satin-ribbon,https://shop.thenewgreenhouseja.com/images/products/satin-ribbon-1200x1500.jpg,1,"Satin Ribbon — The New Greenhouse, Kingston Jamaica"
organza-ribbon,https://shop.thenewgreenhouseja.com/images/products/organza-ribbon-1200x1500.jpg,1,"Organza Ribbon — The New Greenhouse, Kingston Jamaica"
kraft-cellophane-wrap,https://shop.thenewgreenhouseja.com/images/products/kraft-cellophane-wrap-1200x1500.jpg,1,"Kraft & Cellophane Wrap — The New Greenhouse, Kingston Jamaica"
woven-arrangement-basket,https://shop.thenewgreenhouseja.com/images/products/woven-arrangement-basket-1200x1500.jpg,1,"Woven Arrangement Basket — The New Greenhouse, Kingston Jamaica"
floral-stem-tape,https://shop.thenewgreenhouseja.com/images/products/floral-stem-tape-1200x1500.jpg,1,"Floral Stem Tape — The New Greenhouse, Kingston Jamaica"
florist-shears-snips,https://shop.thenewgreenhouseja.com/images/products/florist-shears-snips-1200x1500.jpg,1,"Florist Shears & Snips — The New Greenhouse, Kingston Jamaica"
bouquet-presentation-boxes,https://shop.thenewgreenhouseja.com/images/products/bouquet-presentation-boxes-1200x1500.jpg,1,"Bouquet Presentation Boxes — The New Greenhouse, Kingston Jamaica"
peace-lily-plant,https://shop.thenewgreenhouseja.com/images/products/peace-lily-plant-1200x1500.jpg,1,"Peace Lily Plant — The New Greenhouse, Kingston Jamaica"
snake-plant-sansevieria,,1,"Snake Plant (Sansevieria) — The New Greenhouse, Kingston Jamaica"
phalaenopsis-orchid-plant,,1,"Phalaenopsis Orchid Plant — The New Greenhouse, Kingston Jamaica"
fruit-flower-gift-basket,,1,"Fruit & Flower Gift Basket — The New Greenhouse, Kingston Jamaica"
belgian-chocolates-add-on,,1,"Belgian Chocolates Add-on — The New Greenhouse, Kingston Jamaica"
plush-teddy-bear-add-on,,1,"Plush Teddy Bear Add-on — The New Greenhouse, Kingston Jamaica"
