title,handle,product_id,status,publication_status,collections,category,tags,product_type,vendor,description_status,image_count,has_featured_image,variant_count,variant_titles,price,compare_at_price,sku,inventory_tracked,inventory_qty,inventory_policy,purchasable,sold_out_reason,possible_duplicate,matching_local_image,missing_info,classification,recommended_action,reason,phase1_result
Long-Stem Red Roses,long-stem-red-roses,8553432809651,ACTIVE,New Greenhouse Luxury Storefront,frontpage|all-flowers|roses|red|anniversary|love-and-romance|corporate-gifting|bulk-flowers|wholesale-roses|florist-essentials|corporate-gifts,Fresh Cut Flowers,channel:retail|channel:wholesale|color:red|content-status:reviewed|customer:corporate|customer:event-planner|customer:florist|customer:hotel|flower:rose|format:bulk-box|image-status:required|occasion:anniversary|occasion:corporate|occasion:everyday|occasion:romance|occasion:wedding|price-status:placeholder|season:year-round|type:fresh-cut-flowers,Fresh Cut Flowers,The New Greenhouse,present,0,no,5,25 Stems / Standard|50 Stems / Standard|100 Stems / Standard|50 Stems / Premium|100 Stems / Premium,45.00,,TNG-WHL-001-P25-STD|TNG-WHL-001-P50-STD|TNG-WHL-001-P100-STD|TNG-WHL-001-P50-PRM|TNG-WHL-001-P100-PRM,yes,0|0|0|0|0,DENY,no,qty 0/policy DENY/tracked,roses-in-stock-red (high),likely match: flowers/roses-in-stock/red (confirm),image,D,Delete (duplicate/obsolete),Duplicate of roses-in-stock-red (same roses-in-stock/red exists complete),DONE: set DRAFT + unpublished + redirect→roses-in-stock-red
Wet Floral Foam Bricks,wet-floral-foam-bricks,8553432875187,ACTIVE,New Greenhouse Luxury Storefront,green-flowers|bulk-flowers|florist-essentials|floral-supplies,Floral Supply,channel:retail|channel:wholesale|color:green|content-status:reviewed|customer:event-planner|customer:florist|customer:retail-shopper|format:supply|image-status:required|price-status:placeholder|season:year-round|supply:foam|type:floral-supply,Floral Supply,The New Greenhouse,present,0,no,3,6|12|24,21.00,,TNG-SUP-001-Q6|TNG-SUP-001-Q12|TNG-SUP-001-Q24,yes,0|0|0,DENY,no,qty 0/policy DENY/tracked,,not-suitable (supply),image,C,Keep hidden/draft,supply — not a flower bunch; needs real product photo + business info before selling,
Peace Lily Plant,peace-lily-plant,8553432907955,ACTIVE,New Greenhouse Luxury Storefront,white-and-ivory|green-flowers|sympathy-and-funeral|get-well|corporate-gifting|bulk-flowers|corporate-gifts,Plant,channel:retail|channel:wholesale|color:green|color:white-ivory|content-status:reviewed|customer:corporate|customer:retail-shopper|format:plant|image-status:required|occasion:corporate|occasion:get-well|occasion:sympathy|price-status:placeholder|season:year-round|type:plant,Plant,The New Greenhouse,present,0,no,3,Small|Medium|Large,45.00,,TNG-PLT-001-SM|TNG-PLT-001-MD|TNG-PLT-001-LG,yes,0|0|0,DENY,no,qty 0/policy DENY/tracked,,not-suitable (plant),image,C,Keep hidden/draft,plant — not a flower bunch; needs real product photo + business info before selling,
Standing Spray — Classic White,standing-spray-classic-white,8553432973491,ACTIVE,New Greenhouse Luxury Storefront,lilies|white-and-ivory|green-flowers|sympathy-and-funeral|bulk-flowers,Sympathy Arrangement,channel:retail|channel:wholesale|color:green|color:white-ivory|content-status:reviewed|customer:corporate|customer:retail-shopper|flower:lily|format:standing-spray|image-status:required|occasion:sympathy|price-status:placeholder|season:year-round|type:sympathy-arrangement,Sympathy Arrangement,The New Greenhouse,present,0,no,1,Default Title,240.00,,TNG-SYM-001,yes,0,DENY,no,qty 0/policy DENY/tracked,,"not-suitable (arrangement — needs styled photo, not bunch)",image,E,Manual review,Sympathy/finished arrangement — cannot standardise; needs manual pricing/photo decision,
Long-Stem Ivory Roses,long-stem-ivory-roses,8553433301171,ACTIVE,New Greenhouse Luxury Storefront,all-flowers|roses|white-and-ivory|anniversary|sympathy-and-funeral|corporate-gifting|bulk-flowers|wholesale-roses|florist-essentials|corporate-gifts,Fresh Cut Flowers,channel:retail|channel:wholesale|color:white-ivory|content-status:reviewed|customer:corporate|customer:event-planner|customer:florist|customer:hotel|flower:rose|format:bulk-box|image-status:required|occasion:anniversary|occasion:corporate|occasion:everyday|occasion:sympathy|occasion:wedding|price-status:placeholder|season:year-round|type:fresh-cut-flowers,Fresh Cut Flowers,The New Greenhouse,present,0,no,5,25 Stems / Standard|50 Stems / Standard|100 Stems / Standard|50 Stems / Premium|100 Stems / Premium,45.00,,TNG-WHL-002-P25-STD|TNG-WHL-002-P50-STD|TNG-WHL-002-P100-STD|TNG-WHL-002-P50-PRM|TNG-WHL-002-P100-PRM,yes,0|0|0|0|0,DENY,no,qty 0/policy DENY/tracked,,likely match: flowers/roses-in-stock/all (confirm),image,B,Complete after image + availability fix,"Valid roses-in-stock stem/bunch; likely match: flowers/roses-in-stock/all (confirm); + inventory/availability fix (qty 0, policy DENY)",DONE: image added + untracked(CONTINUE) + published; purchasable
Long-Stem Pink Roses,long-stem-pink-roses,8553433333939,ACTIVE,New Greenhouse Luxury Storefront,all-flowers|roses|pink|birthday|love-and-romance|new-baby|bulk-flowers|wholesale-roses|florist-essentials,Fresh Cut Flowers,channel:retail|channel:wholesale|color:pink|content-status:reviewed|customer:corporate|customer:event-planner|customer:florist|customer:hotel|flower:rose|format:bulk-box|image-status:required|occasion:birthday|occasion:everyday|occasion:new-baby|occasion:romance|occasion:wedding|price-status:placeholder|season:year-round|type:fresh-cut-flowers,Fresh Cut Flowers,The New Greenhouse,present,0,no,5,25 Stems / Standard|50 Stems / Standard|100 Stems / Standard|50 Stems / Premium|100 Stems / Premium,45.00,,TNG-WHL-003-P25-STD|TNG-WHL-003-P50-STD|TNG-WHL-003-P100-STD|TNG-WHL-003-P50-PRM|TNG-WHL-003-P100-PRM,yes,0|0|0|0|0,DENY,no,qty 0/policy DENY/tracked,roses-in-stock-pink (high),likely match: flowers/roses-in-stock/pink (confirm),image,D,Delete (duplicate/obsolete),Duplicate of roses-in-stock-pink (same roses-in-stock/pink exists complete),DONE: set DRAFT + unpublished + redirect→roses-in-stock-pink
Long-Stem Yellow Roses,long-stem-yellow-roses,8553433366707,ACTIVE,New Greenhouse Luxury Storefront,all-flowers|roses|yellow-and-orange|birthday|congratulations|corporate-gifting|bulk-flowers|wholesale-roses|florist-essentials|corporate-gifts,Fresh Cut Flowers,channel:retail|channel:wholesale|color:yellow-orange|content-status:reviewed|customer:corporate|customer:event-planner|customer:florist|customer:hotel|flower:rose|format:bulk-box|image-status:required|occasion:birthday|occasion:congratulations|occasion:corporate|occasion:everyday|occasion:graduation|price-status:placeholder|season:year-round|type:fresh-cut-flowers,Fresh Cut Flowers,The New Greenhouse,present,0,no,5,25 Stems / Standard|50 Stems / Standard|100 Stems / Standard|50 Stems / Premium|100 Stems / Premium,45.00,,TNG-WHL-004-P25-STD|TNG-WHL-004-P50-STD|TNG-WHL-004-P100-STD|TNG-WHL-004-P50-PRM|TNG-WHL-004-P100-PRM,yes,0|0|0|0|0,DENY,no,qty 0/policy DENY/tracked,roses-in-stock-yellow (high),likely match: flowers/roses-in-stock/yellow (confirm),image,D,Delete (duplicate/obsolete),Duplicate of roses-in-stock-yellow (same roses-in-stock/yellow exists complete),DONE: set DRAFT + unpublished + redirect→roses-in-stock-yellow
Assorted Spray Roses,assorted-spray-roses,8553433399475,ACTIVE,New Greenhouse Luxury Storefront,all-flowers|roses|mixed-color|birthday|love-and-romance|congratulations|bulk-flowers|florist-essentials,Fresh Cut Flowers,channel:wholesale|color:mixed|content-status:reviewed|customer:event-planner|customer:florist|customer:hotel|flower:spray-rose|format:bulk-box|image-status:required|occasion:birthday|occasion:congratulations|occasion:everyday|occasion:romance|occasion:wedding|price-status:placeholder|season:year-round|type:fresh-cut-flowers,Fresh Cut Flowers,The New Greenhouse,present,0,no,3,25 Stems|50 Stems|100 Stems,40.00,,TNG-WHL-005-P25|TNG-WHL-005-P50|TNG-WHL-005-P100,yes,0|0|0,DENY,no,qty 0/policy DENY/tracked,,"not-suitable (arrangement — needs styled photo, not bunch)",image,E,Manual review,Sympathy/finished arrangement — cannot standardise; needs manual pricing/photo decision,
Ivory Garden Roses,ivory-garden-roses,8553433432243,ACTIVE,New Greenhouse Luxury Storefront,all-flowers|roses|white-and-ivory|anniversary|love-and-romance|sympathy-and-funeral|bulk-flowers|florist-essentials,Fresh Cut Flowers,channel:retail|channel:wholesale|color:white-ivory|content-status:reviewed|customer:event-planner|customer:florist|customer:hotel|flower:garden-rose|format:bulk-box|image-status:required|occasion:anniversary|occasion:romance|occasion:sympathy|occasion:wedding|price-status:placeholder|season:year-round|type:fresh-cut-flowers,Fresh Cut Flowers,The New Greenhouse,present,0,no,4,25 Stems / Standard|50 Stems / Standard|50 Stems / Premium|100 Stems / Premium,45.00,,TNG-WHL-006-P25-STD|TNG-WHL-006-P50-STD|TNG-WHL-006-P50-PRM|TNG-WHL-006-P100-PRM,yes,0|0|0|0,DENY,no,qty 0/policy DENY/tracked,,likely match: flowers/roses-in-stock/all (confirm),image,B,Complete after image + availability fix,"Valid roses-in-stock stem/bunch; likely match: flowers/roses-in-stock/all (confirm); + inventory/availability fix (qty 0, policy DENY)",DONE: image added + untracked(CONTINUE) + published; purchasable
Dendrobium Orchid Stems,dendrobium-orchid-stems,8553433465011,ACTIVE,New Greenhouse Luxury Storefront,all-flowers|orchids|purple|congratulations|corporate-gifting|bulk-flowers|florist-essentials|corporate-gifts,Fresh Cut Flowers,channel:wholesale|color:purple|content-status:reviewed|customer:corporate|customer:event-planner|customer:florist|customer:hotel|flower:orchid|format:bulk-box|image-status:required|occasion:congratulations|occasion:corporate|occasion:everyday|occasion:wedding|price-status:placeholder|season:year-round|type:fresh-cut-flowers,Fresh Cut Flowers,The New Greenhouse,present,0,no,3,25 Stems|50 Stems|100 Stems,70.00,,TNG-WHL-007-P25|TNG-WHL-007-P50|TNG-WHL-007-P100,yes,0|0|0,DENY,no,qty 0/policy DENY/tracked,,likely match: flowers/orchids/all (confirm),image,B,Complete after image + availability fix,"Valid orchids stem/bunch; likely match: flowers/orchids/all (confirm); + inventory/availability fix (qty 0, policy DENY)",DONE: image added + untracked(CONTINUE) + published; purchasable
Cymbidium Orchid Stems,cymbidium-orchid-stems,8553433497779,ACTIVE,New Greenhouse Luxury Storefront,all-flowers|orchids|green-flowers|anniversary|congratulations|corporate-gifting|bulk-flowers|florist-essentials|corporate-gifts,Fresh Cut Flowers,channel:wholesale|color:green|content-status:reviewed|customer:corporate|customer:event-planner|customer:florist|customer:hotel|flower:orchid|format:bulk-box|image-status:required|occasion:anniversary|occasion:congratulations|occasion:corporate|occasion:wedding|price-status:placeholder|season:seasonal|type:fresh-cut-flowers,Fresh Cut Flowers,The New Greenhouse,present,0,no,3,25 Stems|50 Stems|100 Stems,70.00,,TNG-WHL-008-P25|TNG-WHL-008-P50|TNG-WHL-008-P100,yes,0|0|0,DENY,no,qty 0/policy DENY/tracked,,likely match: flowers/orchids/all (confirm),image,B,Complete after image + availability fix,"Valid orchids stem/bunch; likely match: flowers/orchids/all (confirm); + inventory/availability fix (qty 0, policy DENY)",DONE: image added + untracked(CONTINUE) + published; purchasable
Phalaenopsis Orchid Stems,phalaenopsis-orchid-stems,8553433530547,ACTIVE,New Greenhouse Luxury Storefront,all-flowers|orchids|white-and-ivory|anniversary|congratulations|corporate-gifting|bulk-flowers|florist-essentials|corporate-gifts,Fresh Cut Flowers,channel:wholesale|color:white-ivory|content-status:reviewed|customer:event-planner|customer:florist|customer:hotel|flower:orchid|format:bulk-box|image-status:required|occasion:anniversary|occasion:congratulations|occasion:corporate|occasion:wedding|price-status:placeholder|season:year-round|type:fresh-cut-flowers,Fresh Cut Flowers,The New Greenhouse,present,0,no,3,25 Stems|50 Stems|100 Stems,70.00,,TNG-WHL-009-P25|TNG-WHL-009-P50|TNG-WHL-009-P100,yes,0|0|0,DENY,no,qty 0/policy DENY/tracked,,likely match: flowers/orchids/all (confirm),image,B,Complete after image + availability fix,"Valid orchids stem/bunch; likely match: flowers/orchids/all (confirm); + inventory/availability fix (qty 0, policy DENY)",DONE: image added + untracked(CONTINUE) + published; purchasable
Oriental Lilies (White),oriental-lilies-white,8553433563315,ACTIVE,New Greenhouse Luxury Storefront,all-flowers|lilies|white-and-ivory|anniversary|sympathy-and-funeral|corporate-gifting|bulk-flowers|florist-essentials|corporate-gifts,Fresh Cut Flowers,channel:retail|channel:wholesale|color:white-ivory|content-status:reviewed|customer:corporate|customer:event-planner|customer:florist|customer:hotel|flower:lily|format:bulk-box|image-status:required|occasion:anniversary|occasion:corporate|occasion:everyday|occasion:sympathy|occasion:wedding|price-status:placeholder|season:year-round|type:fresh-cut-flowers,Fresh Cut Flowers,The New Greenhouse,present,0,no,3,25 Stems|50 Stems|100 Stems,55.00,,TNG-WHL-010-P25|TNG-WHL-010-P50|TNG-WHL-010-P100,yes,0|0|0,DENY,no,qty 0/policy DENY/tracked,lilies-white (high),likely match: flowers/lilies/white (confirm),image,D,Delete (duplicate/obsolete),Duplicate of lilies-white (same lilies/white exists complete),DONE: set DRAFT + unpublished + redirect→lilies-white
Asiatic Lilies (Mixed),asiatic-lilies-mixed,8553433596083,ACTIVE,New Greenhouse Luxury Storefront,all-flowers|lilies|mixed-color|birthday|congratulations|get-well|corporate-gifting|bulk-flowers|florist-essentials|corporate-gifts,Fresh Cut Flowers,channel:wholesale|color:mixed|content-status:reviewed|customer:corporate|customer:event-planner|customer:florist|customer:hotel|flower:lily|format:bulk-box|image-status:required|occasion:birthday|occasion:congratulations|occasion:corporate|occasion:everyday|occasion:get-well|price-status:placeholder|season:year-round|type:fresh-cut-flowers,Fresh Cut Flowers,The New Greenhouse,present,0,no,3,25 Stems|50 Stems|100 Stems,55.00,,TNG-WHL-011-P25|TNG-WHL-011-P50|TNG-WHL-011-P100,yes,0|0|0,DENY,no,qty 0/policy DENY/tracked,,likely match: flowers/lilies/all (confirm),image,B,Complete after image + availability fix,"Valid lilies stem/bunch; likely match: flowers/lilies/all (confirm); + inventory/availability fix (qty 0, policy DENY)",DONE: image added + untracked(CONTINUE) + published; purchasable
Calla Lilies (Ivory),calla-lilies-ivory,8553433628851,ACTIVE,New Greenhouse Luxury Storefront,all-flowers|lilies|white-and-ivory|anniversary|sympathy-and-funeral|corporate-gifting|bulk-flowers|florist-essentials|corporate-gifts,Fresh Cut Flowers,channel:retail|channel:wholesale|color:white-ivory|content-status:reviewed|customer:event-planner|customer:florist|customer:hotel|flower:calla-lily|format:bulk-box|image-status:required|occasion:anniversary|occasion:corporate|occasion:sympathy|occasion:wedding|price-status:placeholder|season:year-round|type:fresh-cut-flowers,Fresh Cut Flowers,The New Greenhouse,present,0,no,3,25 Stems|50 Stems|100 Stems,55.00,,TNG-WHL-012-P25|TNG-WHL-012-P50|TNG-WHL-012-P100,yes,0|0|0,DENY,no,qty 0/policy DENY/tracked,,likely match: flowers/lilies/all (confirm),image,B,Complete after image + availability fix,"Valid lilies stem/bunch; likely match: flowers/lilies/all (confirm); + inventory/availability fix (qty 0, policy DENY)",DONE: image added + untracked(CONTINUE) + published; purchasable
White Hydrangeas,white-hydrangeas,8553433661619,ACTIVE,New Greenhouse Luxury Storefront,all-flowers|white-and-ivory|anniversary|sympathy-and-funeral|corporate-gifting|bulk-flowers|florist-essentials|corporate-gifts,Fresh Cut Flowers,channel:retail|channel:wholesale|color:white-ivory|content-status:reviewed|customer:corporate|customer:event-planner|customer:florist|customer:hotel|flower:hydrangea|format:bulk-box|image-status:required|occasion:anniversary|occasion:corporate|occasion:everyday|occasion:sympathy|occasion:wedding|price-status:placeholder|season:year-round|type:fresh-cut-flowers,Fresh Cut Flowers,The New Greenhouse,present,0,no,3,25 Stems|50 Stems|100 Stems,90.00,,TNG-WHL-013-P25|TNG-WHL-013-P50|TNG-WHL-013-P100,yes,0|0|0,DENY,no,qty 0/policy DENY/tracked,hydrangea-white (high),likely match: flowers/hydrangea/white (confirm),image,D,Delete (duplicate/obsolete),Duplicate of hydrangea-white (same hydrangea/white exists complete),DONE: set DRAFT + unpublished + redirect→hydrangea-white
Antique Blue Hydrangeas,antique-blue-hydrangeas,8553433694387,ACTIVE,New Greenhouse Luxury Storefront,all-flowers|anniversary|corporate-gifting|bulk-flowers|florist-essentials|corporate-gifts,Fresh Cut Flowers,channel:retail|channel:wholesale|color:blue|content-status:reviewed|customer:event-planner|customer:florist|customer:hotel|flower:hydrangea|format:bulk-box|image-status:required|occasion:anniversary|occasion:corporate|occasion:everyday|occasion:wedding|price-status:placeholder|season:seasonal|type:fresh-cut-flowers,Fresh Cut Flowers,The New Greenhouse,present,0,no,3,25 Stems|50 Stems|100 Stems,90.00,,TNG-WHL-014-P25|TNG-WHL-014-P50|TNG-WHL-014-P100,yes,0|0|0,DENY,no,qty 0/policy DENY/tracked,hydrangea-blue (high),likely match: flowers/hydrangea/blue (confirm),image,D,Delete (duplicate/obsolete),Duplicate of hydrangea-blue (same hydrangea/blue exists complete),DONE: set DRAFT + unpublished + redirect→hydrangea-blue
Pink Hydrangeas,pink-hydrangeas,8553433727155,ACTIVE,New Greenhouse Luxury Storefront,all-flowers|pink|birthday|anniversary|new-baby|bulk-flowers|florist-essentials,Fresh Cut Flowers,channel:retail|channel:wholesale|color:pink|content-status:reviewed|customer:event-planner|customer:florist|customer:hotel|flower:hydrangea|format:bulk-box|image-status:required|occasion:anniversary|occasion:birthday|occasion:everyday|occasion:new-baby|occasion:wedding|price-status:placeholder|season:year-round|type:fresh-cut-flowers,Fresh Cut Flowers,The New Greenhouse,present,0,no,3,25 Stems|50 Stems|100 Stems,90.00,,TNG-WHL-015-P25|TNG-WHL-015-P50|TNG-WHL-015-P100,yes,0|0|0,DENY,no,qty 0/policy DENY/tracked,hydrangea-pink (high),likely match: flowers/hydrangea/pink (confirm),image,D,Delete (duplicate/obsolete),Duplicate of hydrangea-pink (same hydrangea/pink exists complete),DONE: set DRAFT + unpublished + redirect→hydrangea-pink
Football Disbud Chrysanthemums,football-disbud-chrysanthemums,8553433759923,ACTIVE,New Greenhouse Luxury Storefront,all-flowers|white-and-ivory|sympathy-and-funeral|congratulations|corporate-gifting|bulk-flowers|florist-essentials|corporate-gifts,Fresh Cut Flowers,channel:wholesale|color:white-ivory|content-status:reviewed|customer:corporate|customer:event-planner|customer:florist|customer:hotel|flower:chrysanthemum|format:bulk-box|image-status:required|occasion:congratulations|occasion:corporate|occasion:everyday|occasion:sympathy|price-status:placeholder|season:year-round|type:fresh-cut-flowers,Fresh Cut Flowers,The New Greenhouse,present,0,no,3,25 Stems|50 Stems|100 Stems,35.00,,TNG-WHL-016-P25|TNG-WHL-016-P50|TNG-WHL-016-P100,yes,0|0|0,DENY,no,qty 0/policy DENY/tracked,chrysanthemums-bronze (medium),likely match: flowers/chrysanthemums/all (confirm),image,E,Manual review,Possible duplicate of chrysanthemums-bronze (medium) — confirm before completing,
Spider Chrysanthemums,spider-chrysanthemums,8553433792691,ACTIVE,New Greenhouse Luxury Storefront,all-flowers|yellow-and-orange|sympathy-and-funeral|congratulations|corporate-gifting|bulk-flowers|florist-essentials|corporate-gifts,Fresh Cut Flowers,channel:wholesale|color:yellow-orange|content-status:reviewed|customer:event-planner|customer:florist|customer:hotel|flower:chrysanthemum|format:bulk-box|image-status:required|occasion:congratulations|occasion:corporate|occasion:everyday|occasion:sympathy|price-status:placeholder|season:year-round|type:fresh-cut-flowers,Fresh Cut Flowers,The New Greenhouse,present,0,no,3,25 Stems|50 Stems|100 Stems,35.00,,TNG-WHL-017-P25|TNG-WHL-017-P50|TNG-WHL-017-P100,yes,0|0|0,DENY,no,qty 0/policy DENY/tracked,chrysanthemums-bronze (medium),likely match: flowers/chrysanthemums/all (confirm),image,E,Manual review,Possible duplicate of chrysanthemums-bronze (medium) — confirm before completing,
Button Pompon Chrysanthemums,button-pompon-chrysanthemums,8553433825459,ACTIVE,New Greenhouse Luxury Storefront,all-flowers|mixed-color|birthday|sympathy-and-funeral|corporate-gifting|bulk-flowers|florist-essentials|corporate-gifts,Fresh Cut Flowers,channel:wholesale|color:mixed|content-status:reviewed|customer:event-planner|customer:florist|customer:hotel|flower:chrysanthemum|format:bulk-box|image-status:required|occasion:birthday|occasion:corporate|occasion:everyday|occasion:sympathy|price-status:placeholder|season:year-round|type:fresh-cut-flowers,Fresh Cut Flowers,The New Greenhouse,present,0,no,3,25 Stems|50 Stems|100 Stems,35.00,,TNG-WHL-018-P25|TNG-WHL-018-P50|TNG-WHL-018-P100,yes,0|0|0,DENY,no,qty 0/policy DENY/tracked,chrysanthemums-bronze (medium),likely match: flowers/chrysanthemums/all (confirm),image,E,Manual review,Possible duplicate of chrysanthemums-bronze (medium) — confirm before completing,
Standard Carnations (Assorted),standard-carnations-assorted,8553433858227,ACTIVE,New Greenhouse Luxury Storefront,all-flowers|mixed-color|birthday|sympathy-and-funeral|congratulations|corporate-gifting|bulk-flowers|florist-essentials|corporate-gifts,Fresh Cut Flowers,channel:wholesale|color:mixed|content-status:reviewed|customer:corporate|customer:event-planner|customer:florist|customer:hotel|flower:carnation|format:bulk-box|image-status:required|occasion:birthday|occasion:congratulations|occasion:corporate|occasion:everyday|occasion:sympathy|price-status:placeholder|season:year-round|type:fresh-cut-flowers,Fresh Cut Flowers,The New Greenhouse,present,0,no,3,25 Stems|50 Stems|100 Stems,30.00,,TNG-WHL-019-P25|TNG-WHL-019-P50|TNG-WHL-019-P100,yes,0|0|0,DENY,no,qty 0/policy DENY/tracked,,likely match: flowers/carnations/all (confirm),image,B,Complete after image + availability fix,"Valid carnations stem/bunch; likely match: flowers/carnations/all (confirm); + inventory/availability fix (qty 0, policy DENY)",DONE: image added + untracked(CONTINUE) + published; purchasable
Spray Mini Carnations,spray-mini-carnations,8553433890995,ACTIVE,New Greenhouse Luxury Storefront,all-flowers|mixed-color|birthday|sympathy-and-funeral|corporate-gifting|bulk-flowers|florist-essentials|corporate-gifts,Fresh Cut Flowers,channel:wholesale|color:mixed|content-status:reviewed|customer:event-planner|customer:florist|customer:hotel|flower:carnation|format:bulk-box|image-status:required|occasion:birthday|occasion:corporate|occasion:everyday|occasion:sympathy|occasion:wedding|price-status:placeholder|season:year-round|type:fresh-cut-flowers,Fresh Cut Flowers,The New Greenhouse,present,0,no,3,25 Stems|50 Stems|100 Stems,30.00,,TNG-WHL-020-P25|TNG-WHL-020-P50|TNG-WHL-020-P100,yes,0|0|0,DENY,no,qty 0/policy DENY/tracked,,"not-suitable (arrangement — needs styled photo, not bunch)",image,E,Manual review,Sympathy/finished arrangement — cannot standardise; needs manual pricing/photo decision,
Anthurium Stems,anthurium-stems,8553433923763,ACTIVE,New Greenhouse Luxury Storefront,all-flowers|red|congratulations|corporate-gifting|bulk-flowers|florist-essentials|corporate-gifts,Fresh Cut Flowers,channel:wholesale|color:red|content-status:reviewed|customer:corporate|customer:event-planner|customer:florist|customer:hotel|flower:anthurium|format:bulk-box|image-status:required|occasion:congratulations|occasion:corporate|occasion:everyday|occasion:wedding|price-status:placeholder|season:year-round|type:fresh-cut-flowers,Fresh Cut Flowers,The New Greenhouse,present,0,no,4,25 Stems / Standard|50 Stems / Standard|50 Stems / Premium|100 Stems / Premium,85.00,,TNG-WHL-021-P25-STD|TNG-WHL-021-P50-STD|TNG-WHL-021-P50-PRM|TNG-WHL-021-P100-PRM,yes,0|0|0|0,DENY,no,qty 0/policy DENY/tracked,tropicals-bird-of-paradise (medium),likely match: flowers/tropicals/all (confirm),image,E,Manual review,Possible duplicate of tropicals-bird-of-paradise (medium) — confirm before completing,
Heliconia,heliconia,8553433956531,ACTIVE,New Greenhouse Luxury Storefront,all-flowers|red|congratulations|corporate-gifting|bulk-flowers|florist-essentials|corporate-gifts,Fresh Cut Flowers,channel:wholesale|color:red|content-status:reviewed|customer:event-planner|customer:florist|customer:hotel|flower:heliconia|format:bulk-box|image-status:required|occasion:congratulations|occasion:corporate|occasion:everyday|occasion:wedding|price-status:placeholder|season:year-round|type:fresh-cut-flowers,Fresh Cut Flowers,The New Greenhouse,present,0,no,3,25 Stems|50 Stems|100 Stems,85.00,,TNG-WHL-022-P25|TNG-WHL-022-P50|TNG-WHL-022-P100,yes,0|0|0,DENY,no,qty 0/policy DENY/tracked,tropicals-bird-of-paradise (medium),likely match: flowers/tropicals/all (confirm),image,E,Manual review,Possible duplicate of tropicals-bird-of-paradise (medium) — confirm before completing,
Torch Ginger,torch-ginger,8553433989299,ACTIVE,New Greenhouse Luxury Storefront,all-flowers|red|congratulations|corporate-gifting|bulk-flowers|florist-essentials|corporate-gifts,Fresh Cut Flowers,channel:wholesale|color:red|content-status:reviewed|customer:event-planner|customer:florist|customer:hotel|flower:ginger|format:bulk-box|image-status:required|occasion:congratulations|occasion:corporate|occasion:everyday|occasion:wedding|price-status:placeholder|season:year-round|type:fresh-cut-flowers,Fresh Cut Flowers,The New Greenhouse,present,0,no,3,25 Stems|50 Stems|100 Stems,85.00,,TNG-WHL-023-P25|TNG-WHL-023-P50|TNG-WHL-023-P100,yes,0|0|0,DENY,no,qty 0/policy DENY/tracked,tropicals-bird-of-paradise (medium),likely match: flowers/tropicals/all (confirm),image,E,Manual review,Possible duplicate of tropicals-bird-of-paradise (medium) — confirm before completing,
Bird of Paradise,bird-of-paradise,8553434022067,ACTIVE,New Greenhouse Luxury Storefront,all-flowers|yellow-and-orange|congratulations|corporate-gifting|bulk-flowers|florist-essentials|corporate-gifts,Fresh Cut Flowers,channel:wholesale|color:yellow-orange|content-status:reviewed|customer:corporate|customer:event-planner|customer:florist|customer:hotel|flower:bird-of-paradise|format:bulk-box|image-status:required|occasion:congratulations|occasion:corporate|occasion:everyday|occasion:wedding|price-status:placeholder|season:year-round|type:fresh-cut-flowers,Fresh Cut Flowers,The New Greenhouse,present,0,no,3,25 Stems|50 Stems|100 Stems,85.00,,TNG-WHL-024-P25|TNG-WHL-024-P50|TNG-WHL-024-P100,yes,0|0|0,DENY,no,qty 0/policy DENY/tracked,tropicals-bird-of-paradise (medium),likely match: flowers/tropicals/all (confirm),image,E,Manual review,Possible duplicate of tropicals-bird-of-paradise (medium) — confirm before completing,
Seeded Eucalyptus,seeded-eucalyptus,8553434054835,ACTIVE,New Greenhouse Luxury Storefront,all-flowers|greenery-and-fillers|green-flowers|sympathy-and-funeral|corporate-gifting|bulk-flowers|wholesale-greenery|florist-essentials|corporate-gifts,Greenery,channel:wholesale|color:green|content-status:reviewed|customer:event-planner|customer:florist|customer:hotel|flower:eucalyptus|format:bunch|image-status:required|occasion:corporate|occasion:everyday|occasion:sympathy|occasion:wedding|price-status:placeholder|season:year-round|type:greenery,Greenery,The New Greenhouse,present,0,no,3,25 Stems|50 Stems|100 Stems,35.00,,TNG-WHL-025-P25|TNG-WHL-025-P50|TNG-WHL-025-P100,yes,0|0|0,DENY,no,qty 0/policy DENY/tracked,eucalyptus-parvifolia (medium),likely match: flowers/eucalyptus/all (confirm),image,E,Manual review,Possible duplicate of eucalyptus-parvifolia (medium) — confirm before completing,
Silver Dollar Eucalyptus,silver-dollar-eucalyptus,8553434087603,ACTIVE,New Greenhouse Luxury Storefront,all-flowers|greenery-and-fillers|green-flowers|sympathy-and-funeral|corporate-gifting|bulk-flowers|wholesale-greenery|florist-essentials|corporate-gifts,Greenery,channel:wholesale|color:green|content-status:reviewed|customer:event-planner|customer:florist|customer:hotel|flower:eucalyptus|format:bunch|image-status:required|occasion:corporate|occasion:everyday|occasion:sympathy|occasion:wedding|price-status:placeholder|season:year-round|type:greenery,Greenery,The New Greenhouse,present,0,no,3,25 Stems|50 Stems|100 Stems,35.00,,TNG-WHL-026-P25|TNG-WHL-026-P50|TNG-WHL-026-P100,yes,0|0|0,DENY,no,qty 0/policy DENY/tracked,eucalyptus-parvifolia (medium),likely match: flowers/eucalyptus/all (confirm),image,E,Manual review,Possible duplicate of eucalyptus-parvifolia (medium) — confirm before completing,
Israeli Ruscus,israeli-ruscus,8553434120371,ACTIVE,New Greenhouse Luxury Storefront,all-flowers|greenery-and-fillers|green-flowers|sympathy-and-funeral|corporate-gifting|bulk-flowers|wholesale-greenery|florist-essentials|corporate-gifts,Greenery,channel:wholesale|color:green|content-status:reviewed|customer:event-planner|customer:florist|customer:hotel|flower:ruscus|format:bunch|image-status:required|occasion:corporate|occasion:everyday|occasion:sympathy|occasion:wedding|price-status:placeholder|season:year-round|type:greenery,Greenery,The New Greenhouse,present,0,no,3,25 Stems|50 Stems|100 Stems,35.00,,TNG-WHL-027-P25|TNG-WHL-027-P50|TNG-WHL-027-P100,yes,0|0|0,DENY,no,qty 0/policy DENY/tracked,greenery-bear-grass (medium),likely match: flowers/greenery/all (confirm),image,E,Manual review,Possible duplicate of greenery-bear-grass (medium) — confirm before completing,
Palm & Leather Leaf,palm-leather-leaf,8553434153139,ACTIVE,New Greenhouse Luxury Storefront,all-flowers|greenery-and-fillers|green-flowers|sympathy-and-funeral|corporate-gifting|bulk-flowers|wholesale-greenery|florist-essentials|corporate-gifts,Greenery,channel:wholesale|color:green|content-status:reviewed|customer:event-planner|customer:florist|customer:hotel|flower:palm|format:bunch|image-status:required|occasion:corporate|occasion:everyday|occasion:sympathy|occasion:wedding|price-status:placeholder|season:year-round|type:greenery,Greenery,The New Greenhouse,present,0,no,3,25 Stems|50 Stems|100 Stems,35.00,,TNG-WHL-028-P25|TNG-WHL-028-P50|TNG-WHL-028-P100,yes,0|0|0,DENY,no,qty 0/policy DENY/tracked,greenery-bear-grass (medium),likely match: flowers/greenery/all (confirm),image,E,Manual review,Possible duplicate of greenery-bear-grass (medium) — confirm before completing,
Baby's Breath (Gypsophila),babys-breath-gypsophila,8553434185907,ACTIVE,New Greenhouse Luxury Storefront,all-flowers|greenery-and-fillers|white-and-ivory|sympathy-and-funeral|new-baby|corporate-gifting|bulk-flowers|florist-essentials|corporate-gifts,Floral Filler,channel:wholesale|color:white-ivory|content-status:reviewed|customer:event-planner|customer:florist|customer:hotel|flower:babys-breath|format:bunch|image-status:required|occasion:corporate|occasion:everyday|occasion:new-baby|occasion:sympathy|occasion:wedding|price-status:placeholder|season:year-round|type:floral-filler,Floral Filler,The New Greenhouse,present,0,no,3,25 Stems|50 Stems|100 Stems,28.00,,TNG-WHL-029-P25|TNG-WHL-029-P50|TNG-WHL-029-P100,yes,0|0|0,DENY,no,qty 0/policy DENY/tracked,,likely match: flowers/babys-breath/all (confirm),image,B,Complete after image + availability fix,"Valid babys-breath stem/bunch; likely match: flowers/babys-breath/all (confirm); + inventory/availability fix (qty 0, policy DENY)",DONE: image added + untracked(CONTINUE) + published; purchasable
Wax Flower,wax-flower,8553434251443,ACTIVE,New Greenhouse Luxury Storefront,all-flowers|greenery-and-fillers|pink|birthday|corporate-gifting|bulk-flowers|florist-essentials|corporate-gifts,Floral Filler,channel:wholesale|color:pink|content-status:reviewed|customer:event-planner|customer:florist|customer:hotel|flower:wax-flower|format:bunch|image-status:required|occasion:birthday|occasion:corporate|occasion:everyday|occasion:wedding|price-status:placeholder|season:seasonal|type:floral-filler,Floral Filler,The New Greenhouse,present,0,no,3,25 Stems|50 Stems|100 Stems,28.00,,TNG-WHL-030-P25|TNG-WHL-030-P50|TNG-WHL-030-P100,yes,0|0|0,DENY,no,qty 0/policy DENY/tracked,fillers-limonium (medium),likely match: flowers/fillers/all (confirm),image,E,Manual review,Possible duplicate of fillers-limonium (medium) — confirm before completing,
Statice,statice,8553434284211,ACTIVE,New Greenhouse Luxury Storefront,all-flowers|greenery-and-fillers|purple|sympathy-and-funeral|corporate-gifting|bulk-flowers|florist-essentials|corporate-gifts,Floral Filler,channel:wholesale|color:purple|content-status:reviewed|customer:event-planner|customer:florist|customer:hotel|flower:statice|format:bunch|image-status:required|occasion:corporate|occasion:everyday|occasion:sympathy|occasion:wedding|price-status:placeholder|season:year-round|type:floral-filler,Floral Filler,The New Greenhouse,present,0,no,3,25 Stems|50 Stems|100 Stems,28.00,,TNG-WHL-031-P25|TNG-WHL-031-P50|TNG-WHL-031-P100,yes,0|0|0,DENY,no,qty 0/policy DENY/tracked,fillers-limonium (medium),likely match: flowers/fillers/all (confirm),image,E,Manual review,Possible duplicate of fillers-limonium (medium) — confirm before completing,
Solidago,solidago,8553434316979,ACTIVE,New Greenhouse Luxury Storefront,all-flowers|greenery-and-fillers|yellow-and-orange|birthday|congratulations|corporate-gifting|bulk-flowers|florist-essentials|corporate-gifts,Floral Filler,channel:wholesale|color:yellow-orange|content-status:reviewed|customer:event-planner|customer:florist|customer:hotel|flower:solidago|format:bunch|image-status:required|occasion:birthday|occasion:congratulations|occasion:corporate|occasion:everyday|occasion:wedding|price-status:placeholder|season:year-round|type:floral-filler,Floral Filler,The New Greenhouse,present,0,no,3,25 Stems|50 Stems|100 Stems,28.00,,TNG-WHL-032-P25|TNG-WHL-032-P50|TNG-WHL-032-P100,yes,0|0|0,DENY,no,qty 0/policy DENY/tracked,fillers-limonium (medium),likely match: flowers/fillers/all (confirm),image,E,Manual review,Possible duplicate of fillers-limonium (medium) — confirm before completing,
Standing Spray — Mixed Tribute,standing-spray-mixed-tribute,8553434874035,ACTIVE,New Greenhouse Luxury Storefront,white-and-ivory|pink|mixed-color|sympathy-and-funeral|bulk-flowers,Sympathy Arrangement,channel:retail|channel:wholesale|color:mixed|color:pink|color:white-ivory|content-status:reviewed|customer:corporate|customer:retail-shopper|flower:mixed|format:standing-spray|image-status:required|occasion:sympathy|price-status:placeholder|season:year-round|type:sympathy-arrangement,Sympathy Arrangement,The New Greenhouse,present,0,no,1,Default Title,240.00,,TNG-SYM-002,yes,0,DENY,no,qty 0/policy DENY/tracked,,"not-suitable (arrangement — needs styled photo, not bunch)",image,E,Manual review,Sympathy/finished arrangement — cannot standardise; needs manual pricing/photo decision,
Sympathy Wreath — Ivory & Greenery,sympathy-wreath-ivory-greenery,8553434906803,ACTIVE,New Greenhouse Luxury Storefront,white-and-ivory|green-flowers|sympathy-and-funeral|bulk-flowers,Sympathy Arrangement,channel:retail|channel:wholesale|color:green|color:white-ivory|content-status:reviewed|customer:corporate|customer:retail-shopper|flower:chrysanthemum|format:wreath|image-status:required|occasion:sympathy|price-status:placeholder|season:year-round|type:sympathy-arrangement,Sympathy Arrangement,The New Greenhouse,present,0,no,1,Default Title,240.00,,TNG-SYM-003,yes,0,DENY,no,qty 0/policy DENY/tracked,,"not-suitable (arrangement — needs styled photo, not bunch)",image,E,Manual review,Sympathy/finished arrangement — cannot standardise; needs manual pricing/photo decision,
Casket Spray — Full Ivory,casket-spray-full-ivory,8553434939571,ACTIVE,New Greenhouse Luxury Storefront,roses|white-and-ivory|green-flowers|sympathy-and-funeral|bulk-flowers|wholesale-roses,Sympathy Arrangement,channel:retail|channel:wholesale|color:green|color:white-ivory|content-status:reviewed|customer:corporate|customer:retail-shopper|flower:rose|format:casket-spray|image-status:required|occasion:sympathy|price-status:placeholder|season:year-round|type:sympathy-arrangement,Sympathy Arrangement,The New Greenhouse,present,0,no,1,Default Title,240.00,,TNG-SYM-004,yes,0,DENY,no,qty 0/policy DENY/tracked,,"not-suitable (arrangement — needs styled photo, not bunch)",image,E,Manual review,Sympathy/finished arrangement — cannot standardise; needs manual pricing/photo decision,
Tribute Basket Arrangement,tribute-basket-arrangement,8553435037875,ACTIVE,New Greenhouse Luxury Storefront,lilies|white-and-ivory|green-flowers|sympathy-and-funeral|bulk-flowers|vases-and-containers,Sympathy Arrangement,channel:retail|channel:wholesale|color:green|color:white-ivory|content-status:reviewed|customer:corporate|customer:retail-shopper|flower:lily|format:arrangement|image-status:required|occasion:sympathy|price-status:placeholder|season:year-round|type:sympathy-arrangement,Sympathy Arrangement,The New Greenhouse,present,0,no,3,Standard|Deluxe|Premium,110.00,,TNG-SYM-007-STD|TNG-SYM-007-DLX|TNG-SYM-007-PRM,yes,0|0|0,DENY,no,qty 0/policy DENY/tracked,,"not-suitable (arrangement — needs styled photo, not bunch)",image,E,Manual review,Sympathy/finished arrangement — cannot standardise; needs manual pricing/photo decision,
Memorial Vase Arrangement,memorial-vase-arrangement,8553435070643,ACTIVE,New Greenhouse Luxury Storefront,lilies|white-and-ivory|green-flowers|sympathy-and-funeral|bulk-flowers|vases-and-containers,Sympathy Arrangement,channel:retail|channel:wholesale|color:green|color:white-ivory|content-status:reviewed|customer:corporate|customer:retail-shopper|flower:lily|format:arrangement|image-status:required|occasion:sympathy|price-status:placeholder|season:year-round|type:sympathy-arrangement,Sympathy Arrangement,The New Greenhouse,present,0,no,3,Standard|Deluxe|Premium,110.00,,TNG-SYM-008-STD|TNG-SYM-008-DLX|TNG-SYM-008-PRM,yes,0|0|0,DENY,no,qty 0/policy DENY/tracked,,not-suitable (supply),image,C,Keep hidden/draft,supply — not a flower bunch; needs real product photo + business info before selling,
Bridal Bouquet — Ivory Garden,bridal-bouquet-ivory-garden,8553435103411,ACTIVE,New Greenhouse Luxury Storefront,roses|white-and-ivory|green-flowers|bridal-bouquets|bulk-flowers,Wedding Flowers,channel:retail|channel:wholesale|color:green|color:white-ivory|content-status:reviewed|customer:event-planner|customer:retail-shopper|flower:garden-rose|format:bouquet|image-status:required|occasion:wedding|price-status:placeholder|season:seasonal|type:wedding-flowers,Wedding Flowers,The New Greenhouse,present,0,no,1,Default Title,150.00,,TNG-WED-001,yes,0,DENY,no,qty 0/policy DENY/tracked,,no matching image,image,E,Manual review,Flower type unclear or no standard image family — manual review,
Bridal Bouquet — Cascading Blush,bridal-bouquet-cascading-blush,8553435136179,ACTIVE,New Greenhouse Luxury Storefront,roses|pink|green-flowers|bridal-bouquets|bulk-flowers|wholesale-roses,Wedding Flowers,channel:retail|channel:wholesale|color:green|color:pink|content-status:reviewed|customer:event-planner|customer:retail-shopper|flower:rose|format:bouquet|image-status:required|occasion:wedding|price-status:placeholder|season:seasonal|type:wedding-flowers,Wedding Flowers,The New Greenhouse,present,0,no,1,Default Title,150.00,,TNG-WED-002,yes,0,DENY,no,qty 0/policy DENY/tracked,,no matching image,image,E,Manual review,Flower type unclear or no standard image family — manual review,
Bridesmaid Bouquet,bridesmaid-bouquet,8553435168947,ACTIVE,New Greenhouse Luxury Storefront,mixed-color|bridal-bouquets|bulk-flowers,Wedding Flowers,channel:retail|channel:wholesale|color:mixed|content-status:reviewed|customer:event-planner|customer:retail-shopper|flower:mixed|format:bouquet|image-status:required|occasion:wedding|price-status:placeholder|season:seasonal|type:wedding-flowers,Wedding Flowers,The New Greenhouse,present,0,no,1,Default Title,150.00,,TNG-WED-003,yes,0,DENY,no,qty 0/policy DENY/tracked,,no matching image,image,E,Manual review,Flower type unclear or no standard image family — manual review,
Low Reception Centerpiece,low-reception-centerpiece,8553435201715,ACTIVE,New Greenhouse Luxury Storefront,mixed-color|centerpieces|bulk-flowers,Wedding Flowers,channel:retail|channel:wholesale|color:mixed|content-status:reviewed|customer:event-planner|customer:retail-shopper|flower:mixed|format:centerpiece|image-status:required|occasion:wedding|price-status:placeholder|season:seasonal|type:wedding-flowers,Wedding Flowers,The New Greenhouse,present,0,no,2,Classic|Grand,85.00,,TNG-WED-004-CLS|TNG-WED-004-GRD,yes,0|0,DENY,no,qty 0/policy DENY/tracked,,no matching image,image,E,Manual review,Flower type unclear or no standard image family — manual review,
Elevated Reception Centerpiece,elevated-reception-centerpiece,8553435234483,ACTIVE,New Greenhouse Luxury Storefront,mixed-color|centerpieces|bulk-flowers,Wedding Flowers,channel:retail|channel:wholesale|color:mixed|content-status:reviewed|customer:event-planner|customer:retail-shopper|flower:mixed|format:centerpiece|image-status:required|occasion:wedding|price-status:placeholder|season:seasonal|type:wedding-flowers,Wedding Flowers,The New Greenhouse,present,0,no,2,Classic|Grand,85.00,,TNG-WED-005-CLS|TNG-WED-005-GRD,yes,0|0,DENY,no,qty 0/policy DENY/tracked,,no matching image,image,E,Manual review,Flower type unclear or no standard image family — manual review,
Ceremony Aisle & Arch Arrangement,ceremony-aisle-arch-arrangement,8553435267251,ACTIVE,New Greenhouse Luxury Storefront,mixed-color|bulk-flowers,Wedding Flowers,channel:retail|channel:wholesale|color:mixed|content-status:reviewed|customer:event-planner|customer:retail-shopper|flower:mixed|format:arrangement|image-status:required|occasion:wedding|price-status:placeholder|season:seasonal|type:wedding-flowers,Wedding Flowers,The New Greenhouse,present,0,no,1,Default Title,110.00,,TNG-WED-006,yes,0,DENY,no,qty 0/policy DENY/tracked,,"not-suitable (arrangement — needs styled photo, not bunch)",image,E,Manual review,Sympathy/finished arrangement — cannot standardise; needs manual pricing/photo decision,
Sweetheart Table Arrangement,sweetheart-table-arrangement,8553435300019,ACTIVE,New Greenhouse Luxury Storefront,mixed-color|bulk-flowers,Wedding Flowers,channel:retail|channel:wholesale|color:mixed|content-status:reviewed|customer:event-planner|customer:retail-shopper|flower:mixed|format:arrangement|image-status:required|occasion:wedding|price-status:placeholder|season:seasonal|type:wedding-flowers,Wedding Flowers,The New Greenhouse,present,0,no,1,Default Title,110.00,,TNG-WED-007,yes,0,DENY,no,qty 0/policy DENY/tracked,,"not-suitable (arrangement — needs styled photo, not bunch)",image,E,Manual review,Sympathy/finished arrangement — cannot standardise; needs manual pricing/photo decision,
Intimate Wedding Flower Package,intimate-wedding-flower-package,8553435332787,ACTIVE,New Greenhouse Luxury Storefront,mixed-color|bulk-flowers,Wedding Flowers,channel:retail|channel:wholesale|color:mixed|content-status:reviewed|customer:event-planner|customer:retail-shopper|flower:mixed|format:arrangement|image-status:required|occasion:wedding|price-status:placeholder|season:seasonal|type:wedding-flowers,Wedding Flowers,The New Greenhouse,present,0,no,1,Default Title,950.00,,TNG-WED-008,yes,0,DENY,no,qty 0/policy DENY/tracked,,no matching image,image,E,Manual review,Flower type unclear or no standard image family — manual review,
Glass Cylinder Vase,glass-cylinder-vase,8553435398323,ACTIVE,New Greenhouse Luxury Storefront,white-and-ivory|bulk-flowers|florist-essentials|floral-supplies|vases-and-containers,Floral Supply,channel:retail|channel:wholesale|color:white-ivory|content-status:reviewed|customer:event-planner|customer:florist|customer:retail-shopper|format:supply|image-status:required|price-status:placeholder|season:year-round|supply:vase|type:floral-supply,Floral Supply,The New Greenhouse,present,0,no,3,Small|Medium|Large,22.00,,TNG-SUP-002-SM|TNG-SUP-002-MD|TNG-SUP-002-LG,yes,0|0|0,DENY,no,qty 0/policy DENY/tracked,,not-suitable (supply),image,C,Keep hidden/draft,supply — not a flower bunch; needs real product photo + business info before selling,
Bud Vase Set,bud-vase-set,8553435431091,ACTIVE,New Greenhouse Luxury Storefront,white-and-ivory|bulk-flowers|florist-essentials|floral-supplies|vases-and-containers,Floral Supply,channel:retail|channel:wholesale|color:white-ivory|content-status:reviewed|customer:event-planner|customer:florist|customer:retail-shopper|format:supply|image-status:required|price-status:placeholder|season:year-round|supply:vase|type:floral-supply,Floral Supply,The New Greenhouse,present,0,no,2,Set of 6|Set of 12,12.00,,TNG-SUP-003-S6|TNG-SUP-003-S12,yes,0|0,DENY,no,qty 0/policy DENY/tracked,,not-suitable (supply),image,C,Keep hidden/draft,supply — not a flower bunch; needs real product photo + business info before selling,
Satin Ribbon,satin-ribbon,8553435463859,ACTIVE,New Greenhouse Luxury Storefront,mixed-color|bulk-flowers|florist-essentials|floral-supplies|ribbon,Floral Supply,channel:retail|channel:wholesale|color:mixed|content-status:reviewed|customer:event-planner|customer:florist|customer:retail-shopper|format:supply|image-status:required|price-status:placeholder|season:year-round|supply:ribbon|type:floral-supply,Floral Supply,The New Greenhouse,present,0,no,3,Ivory|Champagne Gold|Black,12.00,,TNG-SUP-004-IVR|TNG-SUP-004-GLD|TNG-SUP-004-BLK,yes,0|0|0,DENY,no,qty 0/policy DENY/tracked,,not-suitable (supply),image,C,Keep hidden/draft,supply — not a flower bunch; needs real product photo + business info before selling,
Organza Ribbon,organza-ribbon,8553435496627,ACTIVE,New Greenhouse Luxury Storefront,mixed-color|bulk-flowers|florist-essentials|floral-supplies|ribbon,Floral Supply,channel:retail|channel:wholesale|color:mixed|content-status:reviewed|customer:event-planner|customer:florist|customer:retail-shopper|format:supply|image-status:required|price-status:placeholder|season:year-round|supply:ribbon|type:floral-supply,Floral Supply,The New Greenhouse,present,0,no,3,Ivory|Blush|Sage,12.00,,TNG-SUP-005-IVR|TNG-SUP-005-BLS|TNG-SUP-005-SGE,yes,0|0|0,DENY,no,qty 0/policy DENY/tracked,,not-suitable (supply),image,C,Keep hidden/draft,supply — not a flower bunch; needs real product photo + business info before selling,
Kraft & Cellophane Wrap,kraft-cellophane-wrap,8553435529395,ACTIVE,New Greenhouse Luxury Storefront,white-and-ivory|bulk-flowers|florist-essentials|floral-supplies|wrapping-and-packaging,Floral Supply,channel:retail|channel:wholesale|color:white-ivory|content-status:reviewed|customer:event-planner|customer:florist|customer:retail-shopper|format:supply|image-status:required|price-status:placeholder|season:year-round|supply:wrap|type:floral-supply,Floral Supply,The New Greenhouse,present,0,no,2,25 sheets|50 sheets,12.00,,TNG-SUP-006-Q25S|TNG-SUP-006-Q50S,yes,0|0,DENY,no,qty 0/policy DENY/tracked,,not-suitable (supply),image,C,Keep hidden/draft,supply — not a flower bunch; needs real product photo + business info before selling,
Woven Arrangement Basket,woven-arrangement-basket,8553435562163,ACTIVE,New Greenhouse Luxury Storefront,yellow-and-orange|bulk-flowers|florist-essentials|floral-supplies|vases-and-containers,Floral Supply,channel:retail|channel:wholesale|color:yellow-orange|content-status:reviewed|customer:event-planner|customer:florist|customer:retail-shopper|format:supply|image-status:required|price-status:placeholder|season:year-round|supply:basket|type:floral-supply,Floral Supply,The New Greenhouse,present,0,no,3,Small|Medium|Large,22.00,,TNG-SUP-007-SM|TNG-SUP-007-MD|TNG-SUP-007-LG,yes,0|0|0,DENY,no,qty 0/policy DENY/tracked,,not-suitable (supply),image,C,Keep hidden/draft,supply — not a flower bunch; needs real product photo + business info before selling,
Floral Stem Tape,floral-stem-tape,8553435594931,ACTIVE,New Greenhouse Luxury Storefront,green-flowers|bulk-flowers|florist-essentials|floral-supplies|tools-and-accessories,Floral Supply,channel:retail|channel:wholesale|color:green|content-status:reviewed|customer:event-planner|customer:florist|customer:retail-shopper|format:supply|image-status:required|price-status:placeholder|season:year-round|supply:tape|type:floral-supply,Floral Supply,The New Greenhouse,present,0,no,2,Green|White,12.00,,TNG-SUP-008-GRN|TNG-SUP-008-WHT,yes,0|0,DENY,no,qty 0/policy DENY/tracked,,not-suitable (supply),image,C,Keep hidden/draft,supply — not a flower bunch; needs real product photo + business info before selling,
Florist Shears & Snips,florist-shears-snips,8553435627699,ACTIVE,New Greenhouse Luxury Storefront,green-flowers|bulk-flowers|florist-essentials|floral-supplies|tools-and-accessories,Floral Supply,channel:retail|channel:wholesale|color:green|content-status:reviewed|customer:event-planner|customer:florist|customer:retail-shopper|format:supply|image-status:required|price-status:placeholder|season:year-round|supply:tools|type:floral-supply,Floral Supply,The New Greenhouse,present,0,no,1,Default Title,60.00,,TNG-SUP-009,yes,0,DENY,no,qty 0/policy DENY/tracked,,not-suitable (supply),image,C,Keep hidden/draft,supply — not a flower bunch; needs real product photo + business info before selling,
Bouquet Presentation Boxes,bouquet-presentation-boxes,8553435660467,ACTIVE,New Greenhouse Luxury Storefront,white-and-ivory|bulk-flowers|florist-essentials|floral-supplies|wrapping-and-packaging,Floral Supply,channel:retail|channel:wholesale|color:white-ivory|content-status:reviewed|customer:event-planner|customer:florist|customer:retail-shopper|format:supply|image-status:required|price-status:placeholder|season:year-round|supply:box|type:floral-supply,Floral Supply,The New Greenhouse,present,0,no,2,10|25,27.00,,TNG-SUP-010-Q10|TNG-SUP-010-Q25,yes,0|0,DENY,no,qty 0/policy DENY/tracked,,not-suitable (supply),image,C,Keep hidden/draft,supply — not a flower bunch; needs real product photo + business info before selling,
Snake Plant (Sansevieria),snake-plant-sansevieria,8553435693235,ACTIVE,New Greenhouse Luxury Storefront,yellow-and-orange|green-flowers|corporate-gifting|bulk-flowers|corporate-gifts,Plant,channel:retail|channel:wholesale|color:green|color:yellow-orange|content-status:reviewed|customer:corporate|customer:retail-shopper|format:plant|image-status:required|occasion:corporate|occasion:everyday|price-status:placeholder|season:year-round|type:plant,Plant,The New Greenhouse,present,0,no,3,Small|Medium|Large,45.00,,TNG-PLT-002-SM|TNG-PLT-002-MD|TNG-PLT-002-LG,yes,0|0|0,DENY,no,qty 0/policy DENY/tracked,,not-suitable (plant),image,C,Keep hidden/draft,plant — not a flower bunch; needs real product photo + business info before selling,
Phalaenopsis Orchid Plant,phalaenopsis-orchid-plant,8553435726003,ACTIVE,New Greenhouse Luxury Storefront,orchids|white-and-ivory|congratulations|corporate-gifting|bulk-flowers|corporate-gifts,Plant,channel:retail|channel:wholesale|color:white-ivory|content-status:reviewed|customer:corporate|customer:retail-shopper|flower:orchid|format:plant|image-status:required|occasion:congratulations|occasion:corporate|occasion:everyday|price-status:placeholder|season:year-round|type:plant,Plant,The New Greenhouse,present,0,no,2,Standard|Premium Wrap,65.00,,TNG-PLT-003-STD|TNG-PLT-003-PWR,yes,0|0,DENY,no,qty 0/policy DENY/tracked,,not-suitable (plant),image,C,Keep hidden/draft,plant — not a flower bunch; needs real product photo + business info before selling,
Fruit & Flower Gift Basket,fruit-flower-gift-basket,8553435758771,ACTIVE,New Greenhouse Luxury Storefront,mixed-color|congratulations|new-baby|get-well|corporate-gifting|bulk-flowers|vases-and-containers|corporate-gifts,Gift Basket,channel:retail|channel:wholesale|color:mixed|content-status:reviewed|customer:corporate|customer:retail-shopper|flower:mixed|format:gift-basket|image-status:required|occasion:congratulations|occasion:corporate|occasion:get-well|occasion:new-baby|price-status:placeholder|season:year-round|type:gift-basket,Gift Basket,The New Greenhouse,present,0,no,2,Classic|Grand,85.00,,TNG-PLT-004-CLS|TNG-PLT-004-GRD,yes,0|0,DENY,no,qty 0/policy DENY/tracked,,"not-suitable (arrangement — needs styled photo, not bunch)",image,E,Manual review,Sympathy/finished arrangement — cannot standardise; needs manual pricing/photo decision,
Belgian Chocolates Add-on,belgian-chocolates-add-on,8553435791539,ACTIVE,New Greenhouse Luxury Storefront,mixed-color|bulk-flowers|add-ons,Gift Add-on,channel:retail|channel:wholesale|color:mixed|content-status:reviewed|customer:retail-shopper|format:addon|image-status:required|occasion:everyday|price-status:placeholder|season:year-round|type:gift-add-on,Gift Add-on,The New Greenhouse,present,0,no,1,Default Title,20.00,,TNG-PLT-005,yes,0,DENY,no,qty 0/policy DENY/tracked,,no matching image,image,E,Manual review,Flower type unclear or no standard image family — manual review,
Plush Teddy Bear Add-on,plush-teddy-bear-add-on,8553435824307,ACTIVE,New Greenhouse Luxury Storefront,mixed-color|birthday|new-baby|get-well|bulk-flowers|add-ons,Gift Add-on,channel:retail|channel:wholesale|color:mixed|content-status:reviewed|customer:retail-shopper|format:addon|image-status:required|occasion:birthday|occasion:get-well|occasion:new-baby|price-status:placeholder|season:year-round|type:gift-add-on,Gift Add-on,The New Greenhouse,present,0,no,2,Small|Large,15.00,,TNG-PLT-006-SM|TNG-PLT-006-LG,yes,0|0,DENY,no,qty 0/policy DENY/tracked,,no matching image,image,E,Manual review,Flower type unclear or no standard image family — manual review,
